instancia	literatura	one	one_m	one_md	one_m_time	one_time	two	two_m	two_md	two_m_time	two_time	four	four_m	four_md	four_m_time	four_time	eight	eight_m	eight_md	eight_m_time	eight_time	ten	ten_m	ten_md	ten_m_time	ten_time	twenty	twenty_m	twenty_md	twenty_m_time	twenty_time	thirty	thirty_m	thirty_md	thirty_m_time	thirty_time	forty	forty_m	forty_md	forty_m_time	forty_time	fifty	fifty_m	fifty_md	fifty_m_time	fifty_time	sixty	sixty_m	sixty_md	sixty_m_time	sixty_time	one_g	one_m_g	one_md_g	two_g	two_m_g	two_md_g	four_g	four_m_g	four_md_g	eight_g	eight_m_g	eight_md_g	ten_g	ten_m_g	ten_md_g	twenty_g	twenty_m_g	twenty_md_g	thirty_g	thirty_m_g	thirty_md_g	forty_g	forty_m_g	forty_md_g	fifty_g	fifty_m_g	fifty_md_g	sixty_g	sixty_m_g	sixty_md_g
C109	10828.94	10828.94	10867.8200022141	10861.3500013351	115237	121898	10828.94	10838.9500018994	10833.2500027418	106.594333333333	114.4255	10828.94	10830.6866683722	10828.94	87.5273666666667	75444	10828.94	10828.94	10828.94	84.1341333333333	76.4365	10828.94	10828.94	10828.94	88.9494666666667	85.8435	10828.94	10828.94	10828.94	93.3623	84961	10828.94	10828.94	10828.94	91.8308666666667	85.6065	10828.94	10828.94	10828.94	96.0534	93482	10828.94	10828.94	10828.94	86.0227333333333	88.8235	10828.94	10828.94	10828.94	93.6038333333333	98952	0	0.00359037931820779	0.00299290616949983	0	0.000924375044963005	0.000398007814413336	0	0.000161296338529357	0	0	0	0	0	0	0	0	0	0	0	0	0	0	0	0	0	0	0	0	0	0
C208	3588.32	3588.32	3609.35333624681	3588.32	17.7066	15.8265	3588.32	3592.7033362786	3588.32	18.9195666666667	17.2055	3588.32	3588.32	3588.32	12.5973333333333	10488	3588.32	3588.32	3588.32	7.79606666666667	5.6715	3588.32	3588.32	3588.32	8.62946666666667	7.2265	3588.32	3588.32	3588.32	5.53176666666667	6188	3588.32	3588.32	3588.32	3.11406666666667	1.8995	3588.32	3588.32	3588.32	4.0712	2803	3588.32	3588.32	3588.32	3.60866666666667	2202	3588.32	3588.32	3588.32	2.21413333333333	1.5185	0	0.00586161107337366	0	0	0.00122155668351685	0	0	0	0	0	0	0	0	0	0	0	0	0	0	0	0	0	0	0	0	0	0	0	0	0
R112	9982.14	10994.099997282	11020.3333310207	11024.149995029	105.013433333333	108743	10967.6999931335	11001.5233302514	11001.2499964833	131.5293	141797	10970.1999976635	10992.1466639042	10990.3499975801	125.595433333333	128.4815	10968.1999988556	10988.0533306162	10988.9499967098	155.659366666667	161936	10967.2999954224	10987.0633310556	10987.6999987364	202.303433333333	217.2005	10954.6999940872	10978.2866629839	10979.8499971032	278.039766666667	283678	10963.3999942541	10977.9366628965	10978.2999937534	318.6837	317947	10960.5999963284	10975.1599964261	10975.4999963045	300.6074	319.4255	10960.7999973297	10973.4299963991	10972.9499945641	313.079733333333	341.9995	10956.2999951839	10972.0866631071	10971.3499951363	420.949566666667	436301	0.101377059155855	0.104005086185996	0.104387435462634	0.0987323352641363	0.102120720632187	0.102093338350627	0.0989827830168179	0.101181376328542	0.101001388237397	0.0987824252971398	0.100771310622387	0.100861137662848	0.0986922639256075	0.10067213353606	0.100735914216429	0.0974300094055202	0.0997928964113801	0.0999495095343498	0.0983015660223272	0.09975783378078	0.0997942318734694	0.0980210652553816	0.0994796703338269	0.0995137311542928	0.0980411011396066	0.0993063608002979	0.0992582747350826	0.0975902957866695	0.0991717871225085	0.0990979885211249
R211	2885.71	3814.29999423027	3870.29333098729	3877.89999651909	61.8001	64.9485	3797.39999628067	3847.6466640075	3850.5999982357	76.7364333333333	81.3165	3813.89999628067	3839.36666440964	3837.84999668598	85.2528	89631	3794.5999982357	3832.08666435083	3833.29999554157	83.3132666666667	90693	3797.09999728203	3826.5733307004	3829.09999716282	84.5029	89316	3803.89999580383	3818.72999728123	3816.6999963522	123.912966666667	131.0915	3789.59999608994	3813.8733302633	3817.59999728203	131.8284	133.1575	3787.19999837875	3814.44666395187	3815.94999504089	113591	117.5325	3790.49999547005	3809.61999687751	3810.64999854565	145.395533333333	148.1645	3778.69999694824	3802.67333034277	3805.19999837875	148.7974	153346	0.321789089766564	0.341192750133345	0.343828727252249	0.315932646135845	0.333344883584111	0.334368317757399	0.321650476409851	0.330475572531418	0.329949993826816	0.314962348342592	0.327952796487113	0.328373258415285	0.315828685932415	0.326042232483651	0.326917811270994	0.318185124563394	0.323324241618608	0.322620774905377	0.313229671758401	0.321641235697037	0.322932656878906	0.312397988148065	0.321839915983198	0.322360873074874	0.313541553194897	0.320167306097117	0.32052423789835	0.30945243872331	0.317760041841616	0.318635621174253
RC108	11139.82	12146.3000011444	12190.4900029818	12190.950003624	120.456966666667	120888	11208.9000000954	12156.1233360529	12181.800003767	129.4373	128665	11152.3000016212	12069.6600032489	12166.3500032425	149.348166666667	158289	11164.7000026703	11994.5000024239	12151.7500035763	156.765533333333	175257	11149.1000022888	11932.6566696485	12155.5000053644	192.897333333333	202.4315	11144.3000044823	11697.8733356237	12132.500002861	236.2404	248.1235	11149.4000005722	11599.5166688681	11223.3000025749	292.554566666667	312978	11149.3000020981	11409.9133355935	11185.1500003338	265.114133333333	265.2815	11150.6000008583	11474.8833353599	11200.8000032902	267.1402	262879	11145.9000029564	11406.2233353535	11189.3500027657	340.6579	376412	0.0903497544075586	0.0943166050243022	0.094357898388301	0.00620117740640044	0.0912315760984374	0.0935365206769063	0.00112030550055985	0.0834699306854915	0.0921496041446355	0.00223342950517049	0.0767229634252548	0.0908389905381127	0.000833047777147086	0.0711714075854447	0.0911756209134814	0.000402161299039803	0.050095363805137	0.0891109553710045	0.000859978040238072	0.0412660769086095	0.00749383765401245	0.000851001371483901	0.0242457540241711	0.00406918606708064	0.000967699734673197	0.0300779846855597	0.00547405642911436	0.000545790053734322	0.0239145098712128	0.00444621212601782
RC208	3828.14	3877.60000514984	3973.25000257492	3967.20000243187	61.9598	67.6775	3888.30000448227	3936.52666902542	3931.65000367165	77.1326666666667	78.5735	3877.60000276566	3926.13666890462	3925.09999978542	78.8105	84.0075	3863.30000305176	3908.84333635171	3911.30000305176	82.4069	86.7295	3853.20000219345	3897.21000254154	3900.60000276566	70.0599666666667	74843	3843.90000295639	3893.04333601793	3891.40000426769	118.318533333333	126.3815	3849.80000209808	3879.6833359321	3879.05000376701	125.6839	131707	3843.5000038147	3874.78000315825	3875.70000195503	118.672166666667	123462	3855.00000190735	3874.45333576202	3875.45000386238	126.877033333333	127304	3841.30000519753	3874.80000268618	3875.75000178814	139.434166666667	143.53	0.0129201139848181	0.0379061378567452	0.0363257358487071	0.0157152048990553	0.0283131413755561	0.0270392419482167	0.0129201133620128	0.0255990295299081	0.0253282272292611	0.00918461786971165	0.0210816052578308	0.0217233442485797	0.00654626063661492	0.0180427054761692	0.0189282530852204	0.00411688260000692	0.0169542744042607	0.0165249975883047	0.00565810082653289	0.0134643288730548	0.0132988876496193	0.00401239343772626	0.0121834632898096	0.0124237885644288	0.00701646280108584	0.0120981301002638	0.0123584831961164	0.0034377021732552	0.0121886876358187	0.0124368496941438
C108	10828.94	10828.94	10839.4700018803	10828.94	33.9534666666667	35.1595	10828.94	10832.4266683737	10828.94	30.7264	30.6445	10828.94	10828.94	10828.94	27.2238333333333	25.8485	10828.94	10828.94	10828.94	17.6108666666667	17167	10828.94	10828.94	10828.94	14.0564	13219	10828.94	10828.94	10828.94	12.6731666666667	11949	10828.94	10828.94	10828.94	12.8746333333333	12614	10828.94	10828.94	10828.94	12.8071666666667	14512	10828.94	10828.94	10828.94	12.2545	11.4845	10828.94	10828.94	10828.94	12.8745	12.1605	0	0.000972394516945167	0	0	0.000321976885433262	0	0	0	0	0	0	0	0	0	0	0	0	0	0	0	0	0	0	0	0	0	0	0	0	0
C207	3588.29	3588.29	3606.59000293414	3588.29	16.1736	16174	3588.29	3604.93333611488	3588.29	15.8261333333333	11866	3588.29	3588.32333609263	3588.29	10.0100333333333	5991	3588.29	3588.29	3588.29	10.1831333333333	8.6935	3588.29	3588.29	3588.29	3.2822	2511	3588.29	3588.29	3588.29	3.52363333333333	3.5855	3588.29	3588.29	3588.29	2.84443333333333	2679	3588.29	3588.29	3588.29	2.67096666666667	2.4885	3588.29	3588.29	3588.29	2.43413333333333	1.58	3588.29	3588.29	3588.29	2.50953333333333	1533	0	0.00509992306478514	0	0	0.0046382360720241	0	0	9.29024483280026e-06	0	0	0	0	0	0	0	0	0	0	0	0	0	0	0	0	0	0	0	0	0	0
R111	11096.72	12083.199999094	12255.4599998673	12117.0000001192	120.030733333333	128.1915	12067.299998641	12117.4	12118.5000021458	147.6291	150905	11112.0000030994	12061.3599999428	12091.4499964714	198.508466666667	226197	12070.4999996424	12092.5099993149	12092.3500005007	195.6271	202444	12066.5000008345	12087.9899999658	12086.7499997616	229.133366666667	247.4955	12060.099996686	12079.4266666373	12078.7499995828	271.512866666667	277659	11159.7999970913	12046.7333331863	12075.2499994636	300.501733333333	306.0325	11105.4999976158	12005.430000035	12069.6499990225	276.495033333333	296366	11125.0000025034	12010.8733336051	12074.0499995947	285.946966666667	295.7285	11099.2999978065	11976.1066669305	12069.4500018954	313.100133333333	318.8595	0.0888983410497886	0.104421847164503	0.0919442862502803	0.0874654851740888	0.0919803329272074	0.092079461511669	0.0013769837483006	0.086930191979502	0.0896418037466392	0.0877538587656869	0.0897373277252147	0.0897229091570013	0.0873933919964157	0.0893300002132006	0.0892182554630181	0.08681664461985	0.0885583007084312	0.0884973216935066	0.00568456238341546	0.0856120847589476	0.0881819131656525	0.000791224579498705	0.0818899638843703	0.0876772594985261	0.00254850104385762	0.0823804992470866	0.0880737731144599	0.000232500937804119	0.0792474413097309	0.0876592364135914
R210	3939.37	3973.09999918938	4029.66666587989	4026.79999554157	78.4453	78.5925	3966.59999871254	4004.68333213727	3998.400000453	90.4076	94434	3964.19999623299	3992.30333253543	3992.34999710321	73.3617666666667	73.2255	3944.79999649525	3983.74666490555	3983.44999861717	100577	104.1505	3952.89999842644	3977.12666463852	3979.39999687672	80.3783	81.65	3959.99999761581	3972.89666537841	3971.0999994874	102.667533333333	103.2485	3949.6999976635	3969.05333175659	3968.34999918938	113554	112623	3956.39999556541	3969.64999745289	3971.39999818802	121.4173	127.3455	3947.39999771118	3964.98333143791	3966.24999910593	118.699666666667	120.22	3946.69999670982	3965.45999797185	3966.00000053644	125.570533333333	125444	0.00856228259578992	0.022921600631544	0.0221939029696557	0.0069122724477619	0.0165796389111119	0.0149846296369712	0.00630303734683123	0.0134370045300203	0.0134488502230596	0.00137839210209932	0.0112649141628099	0.0111896061088886	0.00343455893364611	0.00958444234446609	0.0101615224964186	0.00523687737273075	0.0085106667762641	0.00805458727852427	0.00262224611130664	0.00753504538964149	0.0073565060376093	0.0043230251449888	0.00768650760220411	0.00813074125761706	0.00203839642155516	0.00650188518415528	0.00682342585386253	0.00186070277984138	0.00662288588577688	0.0067599642928798
RC107	12230.48	12270.7000055313	13019.6266724269	13294.1000071764	216.815833333333	243.66	12230.48	12919.560006094	13288.8500074148	247.547666666667	270.14	12240.8000051975	12745.61667219	12322.0000009537	193.3106	198.1215	12230.48	12404.5233408531	12275.0500109196	246.883133333333	261126	12235.7000043392	12400.6433393002	12267.3500061035	223.459933333333	237646	12231.7000081539	12258.970006156	12262.2500071526	291.130466666667	314559	12230.48	12253.3100060066	12253.7500020266	278.1882	299228	12230.48	12251.2200067123	12249.2500056028	310.135166666667	316442	12230.48	12248.9900061448	12247.9000052214	313.917533333333	340992	12230.48	12250.7866736889	12249.5000097752	370.3473	391.1565	0.00328850589112704	0.0645229518732592	0.0869646986198743	0	0.0563412070576118	0.0865354432054031	0.000843793963730406	0.0421190887185156	0.00748294432873238	0	0.0142302952012558	0.00364417511982942	0.000426802900558161	0.0139130548678511	0.00301460008957261	9.9751453247611e-05	0.00232942665831328	0.0025976091823508	0	0.00186664840681309	0.00190262377490976	0	0.00169576392032676	0.00153469083820398	0	0.00151343251817109	0.00142431083828004	0	0.00166033333842078	0.00155513191429626
RC207	4061.14	4120.00000309944	4576.64000310898	4225.30000257492	98.6522333333333	104814	4092.00000619888	4478.61667055289	4198.95000302792	105.272166666667	105.9635	4118.30000424385	4296.94667110443	4183.60000765324	85.3832666666667	82.8485	4074.60000753403	4139.2666712602	4128.45000267029	105.585866666667	112368	4077.20000934601	4139.78667110602	4139.65000116825	88.1349666666667	87.4345	4086.40000247955	4116.66000358264	4115.60000407696	122.7042	121.3565	4075.80000925064	4109.5433385849	4112.60000705719	112.208933333333	111.43	4065.60000991821	4102.1033381621	4103.25000452995	114.1961	128.3025	4068.40000319481	4098.66333847046	4099.40000617504	125.199366666667	130.7355	4067.10000276566	4095.3800049146	4094.90000629425	129.592033333333	140579	0.0144934681147267	0.126934802323726	0.0404221481098707	0.00759885308038697	0.102797901710576	0.0339338222833775	0.0140748667231	0.0580641571343099	0.0301540965475793	0.00331434216353703	0.0192376207814055	0.0165741645622381	0.00395455693376933	0.0193656636082529	0.019332010511396	0.00621992900504609	0.0136710390635724	0.0134100287300998	0.00360982612040967	0.0119186579593168	0.0126713206284909	0.00109821624425963	0.0100866599432928	0.0103690108023739	0.00178767616846714	0.00923960722123809	0.00942100153529326	0.0014675689007656	0.00843113138542411	0.00831293831147169
C107	10828.94	10828.94	10833.0766686678	10828.94	12.9800666666667	5526	10828.94	10828.94	10828.94	7.56783333333333	7004	10828.94	10828.94	10828.94	5.07093333333333	3.8065	10828.94	10828.94	10828.94	4.1495	3.5305	10828.94	10828.94	10828.94	2.89086666666667	2329	10828.94	10828.94	10828.94	1.9556	1678	10828.94	10828.94	10828.94	2.69163333333333	1.7875	10828.94	10828.94	10828.94	2.3755	2265	10828.94	10828.94	10828.94	2.67046666666667	2254	10828.94	10828.94	10828.94	2.81896666666667	2358	0	0.000382001254766583	0	0	0	0	0	0	0	0	0	0	0	0	0	0	0	0	0	0	0	0	0	0	0	0	0	0	0	0
C206	3588.49	3588.49	3604.9400024573	3588.49	10109	8.8425	3588.49	3588.60333587329	3588.49	7.07783333333333	5514	3588.49	3588.49	3588.49	3.23233333333333	1982	3588.49	3588.49	3588.49	3.2817	2014	3588.49	3588.49	3588.49	2.3169	1366	3588.49	3588.49	3588.49	1.74676666666667	1.1645	3588.49	3588.49	3588.49	1.26313333333333	1042	3588.49	3588.49	3588.49	1.19956666666667	1.0905	3588.49	3588.49	3588.49	1.20366666666667	1.21	3588.49	3588.49	3588.49	1.44046666666667	1326	0	0.00458410151827127	0	0	3.15831654223252e-05	0	0	0	0	0	0	0	0	0	0	0	0	0	0	0	0	0	0	0	0	0	0	0	0	0
R110	11118.84	12105.1999938488	12491.9133305629	12177.2999976873	274.859833333333	287.0475	12092.9999961853	12410.4866638581	12152.2499961853	303816	321855	12100.6999969482	12267.4099965731	12136.8499975204	244.144233333333	250.7515	12085.5999965668	12125.049996376	12129.2999970317	300.496233333333	301.2525	12098.0999939442	12123.5699958563	12122.2999944687	276.673066666667	283.3015	12086.2999966145	12106.9099957784	12105.7999954224	334.374233333333	356.2465	12082.8999962807	12104.9133295298	12103.6499948502	352.2294	375008	12087.9999959469	12104.8333294153	12104.3999958038	333.552933333333	355.3685	12084.1999971867	12102.5999960343	12103.6499974728	354.836533333333	376788	12085.8999946117	12100.4499960264	12099.8499968052	409.345033333333	422.4835	0.0887106922888359	0.123490699620006	0.0951951820232452	0.0876134557368667	0.116167393708165	0.0929422490282532	0.0883059740897649	0.103299444597919	0.0915572125797697	0.0869479187187487	0.090495950690543	0.0908781848674582	0.0880721364768418	0.0903628432333126	0.090248622560329	0.0870108749306992	0.0888644854839535	0.0887646548940684	0.0867050876063213	0.0886849104339806	0.088571289347644	0.0871637685178386	0.0886777154285269	0.0886387425130529	0.086822006359176	0.0884768551426502	0.0885712895835144	0.0869748997747733	0.0882834896469736	0.0882295272533098
R209	3909.16	3964.09999549389	4016.89999692837	4015.24999606609	75.7470333333333	83.4955	3925.89999818802	3988.8366636912	3984.3999979496	93.7676666666667	99.3185	3928.99999904633	3970.5966635704	3962.49999511242	88.0401333333333	93439	3922.39999723434	3950.91999649207	3952.64999866486	104.1275	109654	3926.69999551773	3955.2799969991	3958.54999554157	96.3346	97.7245	3910.09999752045	3944.58332964579	3948.24999415874	114.331833333333	119441	3921.79999899864	3943.85333031813	3945.59999763966	104.1751	108.9305	3913.99999475479	3936.98333023389	3936.4499976635	108.333666666667	113.3885	3909.16	3934.50666365623	3935.04999661446	121.640533333333	121542	3917.69999718666	3935.18999667962	3933.69999694824	135.887833333333	143672	0.0140541690526581	0.0275609074400573	0.0271388216563389	0.00428224943159629	0.020382042098866	0.0192471011546215	0.00507525889099598	0.0157160780245383	0.0136448738635459	0.00338691617491856	0.0106826009915348	0.0111251518650698	0.00448689629427572	0.011797930245655	0.0126344267161162	0.000240460231979996	0.00906162184351442	0.00999958921066034	0.00323343096691926	0.00887488112999548	0.009321695105766	0.00123811631010023	0.00711747030919475	0.00698103880718571	0	0.00648391563820227	0.00662290533374339	0.00218461183135531	0.00665871867092271	0.00627756268565173
RC106	12424.73	13409.2000017166	14370.1433368047	14435.4000041485	252.934966666667	269.2635	13382.7000060081	14092.6800050418	14413.4500045776	271.950466666667	290498	13386.8000054359	14192.0833378315	14425.0000021458	228.790866666667	235.75	13382.7000060081	13978.8800045649	14394.5500030518	301.258933333333	303.1595	13389.1000037193	13910.0366705736	13920.3500058651	265.9331	296.1535	13381.8000035286	13572.4466712316	13415.200003624	321.1173	343.9145	13382.7000060081	13549.2900049527	13420.5500049591	310.349633333333	319.3965	13382.7000050545	13473.2100040277	13410.2500035763	313.4127	329381	13380.5000042915	13399.4433367729	13399.2500042915	337.661266666667	340.2525	13382.7000060081	13400.8433380763	13398.9500057697	369.9863	404305	0.0792347199268406	0.156575904410374	0.161828064203285	0.0771018771440626	0.134244366279328	0.160061426250521	0.0774318641480293	0.142244808364568	0.160991023720094	0.0771018771440626	0.125085213486725	0.158540266311764	0.0776169786964651	0.11954438209712	0.120374447240712	0.0770294407627848	0.0923735703899874	0.0797176279584315	0.0771018771440626	0.0905098142939725	0.0801482209238436	0.0771018770673064	0.0843865423254819	0.0793192289551788	0.0769248107839394	0.0784494581993265	0.0784338979029351	0.0771018771440626	0.0785621368091117	0.0784097526280032
RC206	4146.32	4225.39999866486	4578.57000215848	4357.25000309944	76.5726	78479	4156.80000400543	4364.32000290553	4278.75000166893	90.5110333333333	88228	4176.70000219345	4262.85666948954	4256.20000195503	68.4628333333333	71.4575	4191.70000362396	4251.02333709399	4243.5500023365	82.7584	91.6425	4167.40000152588	4222.93333652814	4220.85000038147	76.7028333333333	77.6375	4155.69999790192	4203.48666973114	4207.40000128746	91.3072	94978	4146.32	4193.39000228246	4199.79999947548	90.4321666666667	87.1125	4154.70000219345	4199.57000238101	4199.95000338554	98.1328666666667	103.0625	4161.50000047684	4201.78666911125	4203.50000405312	98.4029333333333	104832	4146.32	4187.4566690286	4192.30000305176	103.318566666667	108421	0.0190723336994868	0.104249069574582	0.0508716170241182	0.00252754346153515	0.0525767434509464	0.0319391657346588	0.00732697963337399	0.0281060481317271	0.0265006082393623	0.0109446457639455	0.0252521120159536	0.0234497101855386	0.00508402668532077	0.0184774297517179	0.0179749754918747	0.00226224649856181	0.0137873270107325	0.0147311353893237	0	0.0113522357855788	0.0128981842876284	0.00202106981454669	0.0128427141129983	0.0129343618885045	0.0036610778899934	0.0133773247388654	0.0137905429520915	0	0.00992124800512271	0.0110893522573651
C106	10828.94	10828.94	10832.9066686948	10828.94	12.7150666666667	9.5005	10828.94	10839.1400020599	10828.94	13.0987	6.8715	10828.94	10829.0133353392	10828.94	13.5971	8138	10828.94	10828.9666686217	10828.94	9.38563333333333	6.6935	10828.94	10828.94	10828.94	7.35426666666667	6.5145	10828.94	10828.94	10828.94	4.67486666666667	3384	10828.94	10828.94	10828.94	5.8391	5.9545	10828.94	10828.94	10828.94	4.19283333333333	3384	10828.94	10828.94	10828.94	6.55253333333333	6202	10828.94	10828.94	10828.94	5.33206666666667	4216	0	0.000366302583153388	0	0	0.000941920636732246	0	0	6.7721623010123e-06	0	0	2.46271765272164e-06	0	0	0	0	0	0	0	0	0	0	0	0	0	0	0	0	0	0	0
C205	3588.88	3588.88	3603.37333586216	3588.88	9.80863333333333	7.6995	3588.88	3589.05666939418	3588.88	4.78446666666667	3.2485	3588.88	3588.88	3588.88	2.89966666666667	1.7695	3588.88	3588.88	3588.88	1.79283333333333	1445	3588.88	3588.88	3588.88	2.13093333333333	1462	3588.88	3588.88	3588.88	1.09503333333333	879	3588.88	3588.88	3588.88	1.0782	941	3588.88	3588.88	3588.88	0.996066666666667	915	3588.88	3588.88	3588.88	1.06213333333333	1.0195	3588.88	3588.88	3588.88	1.08336666666667	1.0895	0	0.00403840079973688	0	0	4.92268881029599e-05	0	0	0	0	0	0	0	0	0	0	0	0	0	0	0	0	0	0	0	0	0	0	0	0	0
R109	12194.73	13173.499994278	13310.9699965954	13208.6499968767	247.583633333333	245242	13165.6999955177	13263.983329622	13190.8999954462	293.716166666667	310.8295	13165.3999927044	13188.8166627328	13187.1499958038	205.584233333333	189.7685	13163.0999965668	13182.1999957403	13181.2999978065	274.708333333333	278.2475	13161.299998045	13177.9533290068	13178.449996233	281.821766666667	293779	13155.8999967575	13172.1666631381	13172.1499958038	340.7682	351.8415	13158.5999979973	13169.7599962473	13169.2499952316	317.816966666667	338005	13152.5999958515	13168.5733295043	13169.499994874	288.0332	297.2065	13159.0999927521	13168.836662213	13169.6999944448	313.0656	351546	13149.5999968052	13167.3899960995	13168.349996686	393.872466666667	414.6875	0.0802617191424455	0.091534621643561	0.0831441119956503	0.0796220986867058	0.0876815911153385	0.0816885650970711	0.0795974976653351	0.0815177263238105	0.0813810552430299	0.0794088919202617	0.080975142191771	0.0809013399892043	0.0792612872974611	0.0806269043272652	0.0806676323488086	0.0788184729598366	0.0801523824748947	0.0801510157095593	0.0790398801775262	0.0799550294469244	0.0799132080194993	0.0785478641881794	0.0798577196464645	0.0799337086490641	0.0790808810651876	0.0798793136226064	0.0799501091409853	0.0783018563596891	0.0797606831885144	0.0798394057667519
R208	2726.82	2737.99999761581	2786.67666541735	2787.14999955893	63.0825	73536	2738.7999972105	2768.5866653045	2765.74999713898	72.9835	75686	2730.20000016689	2750.68333186309	2748.50000047684	72.7612	73.1795	2734.7999972105	2749.58333194256	2747.59999936819	75.2735666666667	76599	2730.89999723434	2744.4933319966	2741.99999970198	76.6252666666667	77306	2729.99999880791	2739.60999874671	2738.04999947548	98.5115	99261	2726.82	2734.78333155314	2733.44999742508	87.4282666666667	93.3595	2726.82	2735.06333171527	2734.89999824762	95.6854666666667	100.9485	2726.82	2734.04666448037	2734.2999971509	106.837566666667	112032	2726.82	2732.72999841372	2732.44999909401	109.778833333333	112.0275	0.00410001306129999	0.0219510878669488	0.0221246725339133	0.00439339494741217	0.0153169865647537	0.0142767022168595	0.00123953915802761	0.00875134107241603	0.00795065331662412	0.00292648477365666	0.00834794080377807	0.00762059812095797	0.00149624736298851	0.00648129762749272	0.00556692400010878	0.00116619315096227	0.00469044482096824	0.00411835012046228	0	0.00292037301807269	0.00243140266870537	0	0.00302305678969124	0.00296315790834132	0	0.00265021691214238	0.00274312098007856	0	0.00216735919999175	0.00206467573730911
RC105	14629.44	15559.6000041962	16324.7300039291	16573.8500044346	288.644266666667	300.0985	15581.7000041008	16323.1100034793	16569.0500016212	362.772666666667	385.09	15552.3000020981	15922.7100038211	15620.1500070095	272.309966666667	266.6945	15536.700003624	15748.5200040023	15589.3000049591	335.115633333333	352995	15556.0000009537	15648.0400035302	15582.1500036716	332.6953	338.3225	15547.7000026703	15571.280003341	15568.6500020027	368.571966666667	399732	15543.1000037193	15567.7500038147	15565.150001049	356.521266666667	360337	15543.4000034332	15565.5900035063	15564.3500044346	341.005933333333	358.5365	15536.9000034332	15559.9400038878	15559.350004673	387.012333333333	408986	15543.6000032425	15561.9466701825	15561.3500034809	400.466833333333	425181	0.0635813813923271	0.115882084613569	0.132910761070457	0.0650920338783165	0.115771348970249	0.132582655359415	0.0630823874391694	0.0884018803058118	0.0677202959928409	0.0620160446075832	0.0764950677539436	0.0656115343416498	0.0633353020316344	0.0696267255294929	0.065122793741363	0.0627679530228285	0.0643797714294626	0.0641999968558411	0.0624535186390818	0.0641384771949368	0.0639607531832415	0.0624740252144461	0.0639908296904285	0.063906069161539	0.0620297156578261	0.0636046221788265	0.0635642925958207	0.062487696264689	0.0637417884883184	0.063701003147141
RC205	5297.65	5337.40000247955	5481.46000351906	5441.15000224113	98.3889666666667	108868	5366.10000324249	5409.1466708978	5402.35000538826	116.772533333333	115963	5322.50000572205	5380.33333732287	5380.55000281334	112.3765	111885	5315.20000505447	5363.99000349045	5363.00000286102	131.0466	135.5415	5344.90000581741	5371.80333704948	5371.05000543594	118.1785	125086	5317.80000257492	5350.90000319481	5352.45000386238	137.330733333333	139.4975	5331.00000143051	5347.50333635012	5344.25000023842	128.0397	137521	5313.5000038147	5343.45333692233	5343.2000041008	123.7525	127.3245	5309.40000247955	5333.36666997274	5335.79999995232	135.7317	149.0865	5305.20000219345	5337.58333684603	5337.05000257492	156.504366666667	165795	0.00750332741490162	0.0346965170441721	0.0270874826085406	0.0129208239960158	0.0210464396284771	0.0197634810507037	0.00469076019028178	0.0156075500123396	0.0156484484277632	0.00331279058723665	0.0125225342350756	0.0123356588036249	0.00891905011041003	0.0139974020649693	0.0138552009732512	0.00380357376854285	0.0100516272677148	0.0103442099539194	0.00629524438770244	0.00941046244091696	0.00879635314496408	0.0029918933517121	0.00864597263358803	0.0085981527848763	0.00221796503724361	0.00674198370461199	0.0072013062305582	0.00142516062658939	0.007537934149299	0.00743726040318274
C105	10828.94	10828.94	10847.1600019852	10828.94	12.8698333333333	9199	10828.94	10843.9366689682	10828.94	17.2105333333333	12748	10828.94	10828.94	10828.94	11.0402	5.5335	10828.94	10828.94	10828.94	9.71143333333333	9.0455	10828.94	10828.94	10828.94	5.74746666666667	5.1995	10828.94	10828.94	10828.94	3.72743333333333	2.7065	10828.94	10828.94	10828.94	3.93986666666667	3.3145	10828.94	10828.94	10828.94	3.09476666666667	2.5525	10828.94	10828.94	10828.94	3.3566	2.8425	10828.94	10828.94	10828.94	4.75643333333333	3712	0	0.00168252866718549	0	0	0.0013848695226126	0	0	0	0	0	0	0	0	0	0	0	0	0	0	0	0	0	0	0	0	0	0	0	0	0
C204	3590.6	3594.00000309944	3705.41666886012	3688.00000166893	66.0599333333333	68.3205	3590.6	3681.21666943232	3693.95000219345	86.3645333333333	90.7105	3590.6	3641.27666965326	3646.70000338554	82.6684	80.3695	3590.6	3612.61000308196	3594.00000309944	105.602433333333	107.7245	3590.6	3609.220003136	3595.35000288486	82.7158333333333	84473	3590.6	3593.92666986783	3594.00000309944	97.7514666666667	98638	3590.6	3593.35666975975	3591.40000343323	109.488633333333	106405	3590.6	3590.6	3590.6	100.581366666667	107935	3590.6	3590.6600030899	3590.6	108.8086	123106	3590.6	3590.6	3590.6	127006	131.0495	0.000946917813023344	0.0319770146661053	0.0271263860271069	0	0.0252371941826777	0.0287834908353621	0	0.0141137051337539	0.015624130614812	0	0.00612989558345614	0.000946917813023344	0	0.00518576369854593	0.00132289948333563	0	0.000926494142436784	0.000946917813023344	0	0.000767746270748723	0.000222804944362399	0	0	0	0	1.67111596682914e-05	0	0	0	0
R108	9960.88	10001.7999992371	10958.0466656248	10984.0499981642	275.0323	296.1815	10954.6999982595	10984.5399997632	10984.900000155	321.441633333333	338369	9997.49999856949	10938.1566662709	10971.1499979496	250.776166666667	251431	9979.10000109673	10868.4599998117	10966.3000004888	331.693066666667	337.1415	9987.19999599457	10804.8299988548	10964.6499958038	320.2055	322.1145	9974.40000188351	10668.5133332292	10954.9999991655	381.3755	412.9185	9966.19999814034	10602.8266661525	10951.6000013351	360.168633333333	384276	9966.79999923706	10337.2933316231	9984.89999687672	322.494133333333	336.8415	9961.79999732971	10406.2199994922	10005.6000000834	382.447366666667	429.7375	9961.29999709129	10243.5999989033	9989.34999811649	409628	425.1835	0.00410807069626994	0.100108290193716	0.102718835902468	0.0997723090991504	0.102768028503824	0.102804169928257	0.00367638186279619	0.0981114787318884	0.101423769581563	0.00182915576703326	0.0911144396691508	0.10093686506501	0.00264233641953007	0.0847264497569289	0.100771216579643	0.00135730998501213	0.0710412466799344	0.0998024270110207	0.000534089170870032	0.0644467824281066	0.0994610919251256	0.000594324922804145	0.0377891643733363	0.0024114332144065	9.23610493965106e-05	0.0447089011705963	0.00448956317950295	4.21646572686485e-05	0.0283830343205898	0.00285818101578315
R207	2890.61	3825.69999825954	3886.22999879519	3886.5499997139	115.8146	124645	3830.69999670982	3867.01666549047	3866.39999955893	134.0075	136.0035	2915.40000021458	3828.58999918302	3859.84999853373	111.2975	119498	2901.49999833107	3783.97666509946	3841.49999719858	137.934266666667	142141	2955.50000059605	3812.92999807596	3839.6999977231	106.715166666667	114.8195	3814.89999592304	3835.25666449467	3833.34999930859	143.421766666667	145.8605	2895.80000090599	3801.24333159924	3831.49999862909	134.4837	135.6975	2926.39999687672	3799.95666457415	3830.89999806881	140.556433333333	143.3375	2905.80000138283	3706.86666516066	3824.34999901056	150.533733333333	150066	2906.10000002384	3587.77333173354	3820.39999884367	144.622466666667	140.8955	0.323492272655095	0.344432489611255	0.344543193206243	0.325222010824644	0.337785680354828	0.337572346168776	0.00857604457694971	0.324492061946447	0.335306388109681	0.00376737032358908	0.309058179795774	0.328958246597978	0.0224485491284007	0.319074519937301	0.328335540845393	0.319756036242538	0.326798379751912	0.326138773237685	0.00179546908991198	0.315031544068289	0.325498769681518	0.012381468574701	0.314586424517367	0.325291200843009	0.00525494666621496	0.282382149498084	0.323025243464377	0.00535873051841713	0.24118207981483	0.321658749829161
RC104	11135.48	11177.0000026226	11601.503335309	11212.5999994278	110.0792	100.7045	11153.4000048637	11386.9733370384	11186.7000032663	133.069433333333	137.61	11144.7000002861	11175.6266695976	11174.4500024319	146.4091	143.5665	11135.48	11157.6433361689	11156.4500029087	168.438233333333	174119	11138.6000027657	11158.750003616	11159.3000047207	187.7995	193.7125	11135.48	11152.0566693385	11152.3000018597	246.8197	268661	11135.48	11146.570003136	11146.150000453	293.586933333333	314307	11135.48	11145.5933355252	11145.5000042915	271483	288.4445	11135.48	11145.7766695182	11146.5500047207	334.4443	351.8765	11135.48	11143.9433361689	11143.9500041008	310.105133333333	298905	0.00372862262090227	0.0418503140689966	0.00692561069911632	0.0016092709846131	0.0225848672027033	0.00459971220516179	0.000827984091040775	0.003605293134883	0.00349962484166555	0	0.00199033505236645	0.00188317009313537	0.000280185745531935	0.00208971715777092	0.00213910893115414	0	0.00148863536538568	0.00151048736647772	0	0.000995916039182839	0.000958198519776044	0	0.000908208314791549	0.000899826885911955	0	0.000924672265421254	0.000994120120613418	0	0.000760033350059881	0.000760632150639218
RC204	3798.46	3826.20000100136	3895.63666882515	3883.45000362396	67.0007333333333	71.21	3815.6000020504	3867.24333612124	3871.25000584126	92.0338333333333	96261	3818.40000128746	3854.48333570957	3856.7000027895	83.7397666666667	85.5235	3800.20000290871	3842.95666795572	3846.20000040531	89.2406666666667	90989	3802.00000309944	3843.00666893323	3842.95000195503	97.5563333333333	99142	3802.1000020504	3829.4400021553	3828.25000035763	114.273933333333	112.71	3800.40000128746	3821.64666885535	3823.10000312328	122.3611	127.5425	3803.60000395775	3817.67000242869	3817.45000243187	122.217333333333	120374	3801.0000026226	3817.17000187238	3816.95000052452	131.776133333333	135.1235	3799.40000224113	3815.06333516439	3813.90000224113	133.190033333333	139.5905	0.00730295988409987	0.0255831755040594	0.022374858133023	0.0045123555468268	0.018108216519653	0.01916303076543	0.00524949618726018	0.0147489602916897	0.0153325302331727	0.000458081145702898	0.0117143968755012	0.0125682514506699	0.000931957451030547	0.0117275603621553	0.0117126419535897	0.000958283633472445	0.00815593744709796	0.00784265211628603	0.000510733636121031	0.00610422878096627	0.00648684022558704	0.00135318101487139	0.00505731333979839	0.00499939513167691	0.000668692739321813	0.00492568090025442	0.00486776233645236	0.000247469301015308	0.00437107016116736	0.00406480580054406
C104	10824.78	10824.78	10852.656668369	10843.5500024557	143.231366666667	142392	10824.78	10844.5300015052	10827.8000028133	177.1959	172.7675	10824.78	10828.5666682402	10826.1500017643	178.749933333333	180.6335	10824.78	10825.7866681099	10826.0000026226	182.5965	172654	10824.78	10824.78	10824.78	213.499233333333	201.2005	10824.78	10824.78	10824.78	221.3492	232213	10824.78	10824.78	10824.78	267.606933333333	270836	10824.78	10824.78	10824.78	235.071066666667	223.5435	10824.78	10824.78	10824.78	256.5884	257.0365	10824.78	10824.78	10824.78	240.728866666667	221.2065	0	0.00257526419649873	0.00173398465887627	0	0.00182451758883003	0.000278989763610769	0	0.000349814799028629	0.000126561626591656	0	9.2996634563697e-05	0.000112704611327317	0	0	0	0	0	0	0	0	0	0	0	0	0	0	0	0	0	0
C203	3591.17	3591.17	3651.29000318845	3648.30000317097	22.7016333333333	16.62	3591.17	3620.64000220299	3597.70000219345	30.3253	31.9085	3591.17	3618.68666929404	3591.17	26403	29.0515	3591.17	3596.86333596706	3591.17	27.4143333333333	22.7465	3591.17	3591.17	3591.17	18.1009	14.6775	3591.17	3591.17	3591.17	18.8991333333333	14398	3591.17	3591.17	3591.17	16.5900666666667	17272	3591.17	3591.17	3591.17	17.4598	17846	3591.17	3591.17	3591.17	14.8607666666667	15069	3591.17	3591.17	3591.17	10.9250666666667	8.6665	0	0.0167410629929663	0.0159084652553254	0	0.00820623980568656	0.00181834950543997	0	0.0076623131998873	0	0	0.00158537077528043	0	0	0	0	0	0	0	0	0	0	0	0	0	0	0	0	0	0	0
R107	11104.66	12084.100002408	12141.5133334359	12133.3000034094	133.956566666667	135914	12089.9000005722	12127.2966675242	12118.6499985456	153.324533333333	154.9385	12068.3000034094	12108.0700010657	12102.1000023484	177.286433333333	186.8695	12074.6999994516	12096.0000003179	12096.2499988675	190.663433333333	194117	12079.9999990463	12096.776667738	12094.7500051856	263.0586	268292	11137.9999989271	12027.6933336814	12091.5500000119	290.514866666667	308877	11130.5000032187	11992.3766672651	12085.1499972939	302.296133333333	321.1385	11125.7000039816	11957.8333347122	12083.6999995112	311.727866666667	336377	11113.2000002861	11957.1900003115	12082.1000016332	355.5821	388.4105	11125.3000042439	11799.8800005754	12076.8000016212	355.574866666667	364746	0.0882008096067802	0.0933710112183401	0.0926313820872846	0.0887231126907267	0.0920907679770636	0.091312115683474	0.0867779836041253	0.0903593627419238	0.089821750719826	0.0873543178676013	0.0892724316023986	0.0892949445428777	0.0878315949381904	0.0893423722777609	0.0891598666853019	0.00300234306382334	0.0831212602350206	0.0888716989094597	0.00232695131761359	0.0799409137483812	0.0882953640448199	0.00189470042140781	0.0768302077427123	0.0881647884321755	0.000769046534166957	0.0767722740103284	0.0880207049682897	0.00185867953128244	0.0626061491819996	0.0875434278601278
R206	3906.14	3938.79999685287	3985.17666555643	3979.84999966621	63.8195	65.5345	3919.19999694824	3973.42666494052	3970.49999856949	73.1744	75.1105	3923.80000030994	3960.29666523933	3959.54999625683	78.2157	81925	3910.6999976635	3950.8633318305	3951.59999758005	81.2351666666667	84666	3915.99999713898	3952.16999833981	3952.34999740124	84.0425	84.1745	3918.29999804497	3941.04999822776	3942.2999984622	105.801133333333	104064	3911.49999630451	3931.05333184401	3932.79999679327	121.325533333333	126001	3910.9999961853	3933.38999817769	3935.74999809265	120.598833333333	128.5925	3911.89999771118	3928.63999849558	3927.25000077486	128.8885	128564	3906.3999979496	3926.76333171924	3927.64999967813	117.291566666667	125.8985	0.00836119464557719	0.020233956170652	0.0188702913019539	0.00334345337039694	0.0172258713053082	0.0164766236155101	0.00452108739316673	0.0138644967254974	0.0136733440831175	0.00116739227562198	0.0114494953663979	0.0116380871090262	0.00252423034990481	0.0117840114127533	0.0118300924701208	0.00311304716291986	0.00893721121817326	0.00925722028964663	0.0013721976950422	0.00637799255633751	0.00682515137533991	0.00124419405994226	0.00697619598316684	0.00758037297502176	0.00147460093882497	0.00576016182102508	0.00540431238380102	6.65613494652898e-05	0.0052797215970855	0.0055067149866966
RC103	12261.67	12300.5000112057	13142.4266687552	13336.1499977112	116.3762	119049	12293.9000105858	13003.1100031853	13326.5000021458	140.126033333333	151.7405	12275.800006628	12722.7733369907	12365.1500045061	166.0407	162.2235	12272.4000036716	12457.4500044982	12330.9500069618	154.854333333333	155318	12274.8000061512	12447.0233374437	12321.6500031948	207.813633333333	218368	12261.67	12296.3466719945	12291.9000043869	260.542766666667	266.7605	12264.100007534	12290.0166725318	12286.0500050783	295.037666666667	314.8805	12263.0000081062	12292.3366724888	12285.700001955	304.235566666667	317.1735	12267.8000061512	12286.4466734727	12281.40000844	350.274566666667	375093	12265.2000062466	12281.2866724491	12276.3500063419	292.833633333333	310.2265	0.00316677999046404	0.0718300744315589	0.087629172674781	0.00262851720734491	0.0604681094161948	0.086842167677467	0.00115237211799342	0.0376052639640991	0.00843930757442592	0.000875085014655104	0.015966830333728	0.00565012816050525	0.00107081711962557	0.0151164839245935	0.00489166673012802	0	0.00282805457939467	0.00246540678283641	0.000198179165972256	0.00231181172970428	0.00198831032627005	0.000108468757211017	0.00250101923219669	0.001959765835733	0.000499932403269642	0.0020206606011027	0.00160908003885422	0.000287889516400841	0.00159983692670837	0.00119722732237404
RC203	4049.62	4082.80000400543	4185.37333738804	4183.25000679493	57.0550666666667	60.6715	4092.60000181198	4154.86666996479	4146.60000216961	65.1273	69.5725	4075.90000200272	4130.89667043686	4128.30000519753	65.4529333333333	70.6315	4082.50000452995	4112.19333680471	4109.10000193119	68.9835333333333	70.4935	4050.00000715256	4106.4433374087	4108.30000174046	76.5495333333333	76.1155	4073.20000076294	4099.84000358582	4097.70000469685	92.1924333333333	91004	4068.00000476837	4093.61333657106	4095.20000374317	106.411766666667	111113	4050.80000686646	4090.25667003791	4090.45000445843	109.873266666667	113.3105	4074.70000624657	4089.32333670457	4088.60000085831	112.5851	122.0685	4070.40000534058	4085.91667026679	4086.95000481606	113.118633333333	104.6415	0.00819336234151161	0.0335224878847988	0.0329981595297657	0.0106133419461533	0.0259892705895344	0.0239479265139962	0.00648949827458284	0.0200701968176914	0.0194289847436365	0.0081192814461488	0.0154516564034916	0.0146877983443362	9.38377310852579e-05	0.0140317702423193	0.01449024889754	0.00582276874445987	0.0124011644514339	0.0118727200815993	0.00453869863551931	0.0108635715378375	0.0112553779720497	0.000291387060132849	0.0100346872145795	0.0100824285879731	0.0061931752230004	0.00980421291493324	0.00962559471217225	0.00513134697590793	0.0089629817777439	0.00921815005261121
C103	10828.06	10828.06	10856.4400011937	10831.2500011921	179.1191	194542	10828.06	10838.5133347273	10828.06	165.3824	181.8965	10828.06	10831.0200015465	10828.06	164.106866666667	171.4225	10828.06	10828.06	10828.06	169.854433333333	171551	10828.06	10828.06	10828.06	96.5838	91708	10828.06	10828.06	10828.06	92.8885	84.7315	10828.06	10828.06	10828.06	88.6638	91.6735	10828.06	10828.06	10828.06	92.3079666666667	90329	10828.06	10828.06	10828.06	80.5022	75.3125	10828.06	10828.06	10828.06	89.5082	93651	0	0.00262096822456504	0.000294605053176045	0	0.000965393129266754	0	0	0.000273363977161386	0	0	0	0	0	0	0	0	0	0	0	0	0	0	0	0	0	0	0	0	0	0
C202	3591.56	3591.56	3615.43000321388	3591.56	11.4542666666667	10867	3591.56	3595.03000311852	3591.56	9.9531	7.3685	3591.56	3591.56	3591.56	8.09276666666667	6.7015	3591.56	3591.56	3591.56	4.81153333333333	4.8715	3591.56	3591.56	3591.56	4.28736666666667	4.1545	3591.56	3591.56	3591.56	2.89503333333333	2417	3591.56	3591.56	3591.56	2.24703333333333	1.8175	3591.56	3591.56	3591.56	2.4823	1.9355	3591.56	3591.56	3591.56	2.55533333333333	2353	3591.56	3591.56	3591.56	1.60893333333333	1.3455	0	0.00664613794949345	0	0	0.000966154851517238	0	0	0	0	0	0	0	0	0	0	0	0	0	0	0	0	0	0	0	0	0	0	0	0	0
R106	13252.03	13296.4999986887	14190.9999997536	14283.7999975681	336.008266666667	372.1105	13263.2999947071	14050.2499994675	14274.0499944687	396.416166666667	401.3365	13270.6999951601	14010.9433322191	14267.4999985695	300.660166666667	300.5	13256.49999547	13584.8899990161	13305.0999979973	359.446666666667	391.5955	13263.3999960423	13646.9966659983	13316.1000000238	326.340633333333	316.8305	13257.2999975681	13445.1366648714	13283.2000014782	361.633266666667	386367	13260.7999954224	13309.6566636483	13276.5999948978	336.696366666667	360737	13258.5999968052	13275.5533306599	13273.1999943256	361.163566666667	370.6245	13258.4999969006	13273.4666643103	13270.2499979138	357.453633333333	375.2215	13256.5999956131	13271.5999966621	13269.049998343	374.010833333333	397114	0.00335571219569358	0.0708548048679058	0.0778575054212924	0.00085043534515896	0.0602337905564304	0.0771217688511638	0.00140884039351723	0.0572677040588591	0.0766275052629286	0.000337306470785709	0.025117661144453	0.00400466932215542	0.000857981459614182	0.0298042387466901	0.00483473098263747	0.000397674738747938	0.0145718553965977	0.00235209258341511	0.000661785056505503	0.00434851593667438	0.00185405518232616	0.000495772859342334	0.00177507375548242	0.00159749067317514	0.000488226852833703	0.00161761362676472	0.00137488353964161	0.000344852495285439	0.00147675463020681	0.00128433140756474
R205	3994.43	4063.39999771118	4121.70333131154	4113.9999973774	56.5249	59.5475	4063.79999613762	4103.87666472594	4102.34999990463	78.7813666666667	81.3025	4030.19999551773	4071.65333102544	4073.04999780655	79.7473	83.4595	4022.3999941349	4057.99999702374	4058.39999520779	86.6320333333333	92763	4022.79999756813	4055.93666379452	4057.19999551773	74.3148	71.9725	4009.69999790192	4046.05666384697	4044.59999489784	94.5808	97.6705	4023.39999651909	4043.69666309357	4045.64999628067	99.6477666666667	106.0655	4017.69999933243	4041.17666376432	4040.19999682903	97.5597333333333	101413	4015.79999446869	4039.36999711196	4041.39999878407	108.9015	112181	4018.89999461174	4037.69332943757	4037.99999713898	118.352333333333	128568	0.0172665430890469	0.0318627016399195	0.02993418269375	0.0173666821392837	0.0273998204314356	0.0270176220148138	0.0089549686733103	0.0193327536157703	0.0196824072036684	0.007002249165689	0.015914660420571	0.0160147994101253	0.00710238946936876	0.0153981078137601	0.0157143811551913	0.00382282275616713	0.0129246635557438	0.0125599885084587	0.00725259837300664	0.012333840646492	0.0128228548956097	0.00582561199781399	0.0117029623161046	0.0114584551059934	0.00534994842034762	0.0112506658301576	0.011758873927961	0.00612602914852439	0.0108309144077062	0.0109076882406194
RC102	13554.75	14518.100004673	15374.1466691335	15525.2000060081	310.830033333333	341.7535	14474.3000073433	15099.0900023778	15502.3500030041	363.3353	387.4085	14507.0999975204	14956.710002168	14557.5000002384	271.2612	276.5275	14505.8000016212	14693.933336401	14523.8500044346	337.456933333333	370.6615	14508.000002861	14695.4733368715	14536.0000038147	344.3289	364.1995	14500.6000037193	14527.8900040785	14520.8500027657	330.814833333333	356.5745	14493.2000007629	14518.0600033919	14514.3500025272	326.9799	345.2645	14494.399998188	14509.9066690127	14508.7000012398	328.198533333333	352.6045	14480.1000113487	14511.6466697534	14509.7000041008	342.649466666667	373202	13554.75	14476.4100026925	14507.4500033855	396.2218	425.4995	0.0710710271065866	0.134225763598259	0.145369704790435	0.0678396877362764	0.113933492124741	0.143683948652987	0.0702595029432816	0.103429425269224	0.0739777568924855	0.0701635959070618	0.0840431093455051	0.0714952326258017	0.0703259007256514	0.0841567226892023	0.0723915973230563	0.0697799667068245	0.0717932830984376	0.0712739078747786	0.0692340324065689	0.0710680760170348	0.0707943711634104	0.0693225620677636	0.0704665647845003	0.0703775430192203	0.0682675823123794	0.0705949331233252	0.0704513181062579	0	0.067995352381456	0.0702853245825665
RC202	4365.65	5219.70000123978	5320.63000587622	5319.45000910759	99.2183	113906	5190.50000762939	5264.27000632286	5261.35000681877	142.535366666667	145.44	5185.9000082016	5250.99667342504	5250.60000610352	111.6333	106.2395	5196.80000782013	5233.94667275747	5234.50000524521	143.586966666667	149133	5194.70000171661	5228.09667307536	5228.30000782013	120.583666666667	123345	4446.19999647141	5192.68333967527	5216.9500067234	139.136533333333	147.5785	5169.70000171661	5198.25000575384	5197.4500067234	142.312433333333	146.6735	5169.60000705719	5197.42667285601	5190.2500064373	133.969066666667	140268	5158.40000629425	5197.29333971341	5198.25000667572	136.656366666667	145167	5161.90000915527	5190.94667239189	5188.20000481606	157.478433333333	165.9645	0.19562951707988	0.218748641296536	0.218478350098517	0.188940938377881	0.205838765435356	0.205169907532388	0.187887258071902	0.202798362998646	0.202707501999362	0.190384022498398	0.198892873399715	0.199019620273089	0.189902993074711	0.197552866829764	0.197599442882533	0.0184508598883111	0.189441054522297	0.194999600683381	0.184176468960318	0.190716160423725	0.190532911874155	0.184153564087178	0.190527566995983	0.188883672863675	0.181588081109171	0.19049702557773	0.190716160634893	0.182389795140534	0.18904325183922	0.18841409751493
C102	10828.94	10828.94	10868.6166681449	10836.2500007153	79.8297333333333	89942	10828.94	10852.8166687171	10828.94	81.8188666666667	86462	10828.94	10831.0100020488	10828.94	56.7112	51.5725	10828.94	10828.94	10828.94	66.4626333333333	66154	10828.94	10828.94	10828.94	37.2653333333333	32.4005	10828.94	10828.94	10828.94	32.7177333333333	32.4335	10828.94	10828.94	10828.94	35.1960666666667	36781	10828.94	10828.94	10828.94	27.4588	27.0695	10828.94	10828.94	10828.94	30.3233666666667	28509	10828.94	10828.94	10828.94	34.4988333333333	32403	0	0.00366394754656141	0.00067504305271386	0	0.00220489435873377	0	0	0.000191154632753467	0	0	0	0	0	0	0	0	0	0	0	0	0	0	0	0	0	0	0	0	0	0
C201	3591.56	3591.56	3593.0533364137	3591.56	1.97583333333333	0.6805	3591.56	3591.56	3591.56	0.864933333333333	0.41	3591.56	3591.56	3591.56	0.580933333333333	0.4195	3591.56	3591.56	3591.56	0.5033	0.4765	3591.56	3591.56	3591.56	0.4655	0.4635	3591.56	3591.56	3591.56	0.539866666666667	533	3591.56	3591.56	3591.56	0.5712	0.5685	3591.56	3591.56	3591.56	0.601233333333333	0.5945	3591.56	3591.56	3591.56	0.647633333333333	649	3591.56	3591.56	3591.56	0.751066666666667	0.7595	0	0.000415790468125661	0	0	0	0	0	0	0	0	0	0	0	0	0	0	0	0	0	0	0	0	0	0	0	0	0	0	0	0
R105	15377.11	15399.800003767	15991.9666698456	16388.9500031471	238.251066666667	262291	15392.5000021458	15681.8500030597	15427.3500025272	307.182833333333	320127	15383.5000019073	15609.7133368095	15411.9500041008	215.344733333333	203.8035	15377.11	15436.1966692368	15402.5500035286	294.935266666667	304.6715	15377.3000016212	15399.3533360879	15397.8000013828	283.6845	295223	15378.5000042915	15394.9200029214	15392.7500044107	313.1873	339.27	15377.11	15390.2566693783	15390.9000022411	316.5178	327145	15377.11	15388.2466692289	15389.3500034809	316.660266666667	359223	15377.11	15387.5633356253	15385.8500020504	364.533133333333	363529	15377.11	15386.7766690811	15386.1500030756	377.999566666667	397.3855	0.00147557010172997	0.0399851903150579	0.0658017015646714	0.00100083839848753	0.0198177682971445	0.00326719406489492	0.000415552851436196	0.015126596402671	0.00226570559102451	0	0.00384250806795413	0.00165440733197554	1.23561333206146e-05	0.00144652253172815	0.00134550649522746	9.03943778469323e-05	0.00115821522519004	0.00101709647721471	0	0.000854950597237089	0.000896787643525608	0	0.000724236818808621	0.000795988549272957	0	0.000679798455322912	0.00056837741619844	0	0.00062864017237639	0.000587887000587177
R204	2825.52	2838.09999740124	3750.33666570981	3799.34999918938	113.889866666667	116316	3759.69999921322	3787.5699992458	3784.44999778271	126.915066666667	139268	2853.29999649525	3661.28333194653	3778.04999899864	103.317666666667	102.4515	2831.99999964237	3526.18999892076	3763.69999945164	128.7745	137.1985	2831.80000042915	3375.28666624228	3757.29999876022	98.0958	104.0535	2837.29999828339	3099.52333235343	2860.04999619722	115.8379	116775	2829.50000035763	3004.42666521867	2853.64999681711	118.3387	122922	2829.59999978542	2882.38333181143	2852.84999907017	118.0688	118087	2828.80000054836	2847.85333174467	2842.94999831915	116.461666666667	118.4145	2828.8999966383	2850.64666525523	2846.29999804497	131.5828	131.3985	0.00445227689106342	0.327308483291505	0.344655142837204	0.330622327647024	0.340485998770422	0.339381776728782	0.00983181732751738	0.295790980756297	0.337116707366659	0.00229338303829814	0.247979132662575	0.332037996351694	0.00222259988573907	0.194571854470073	0.329772926314527	0.00416914347921312	0.0969744798668681	0.0122207580187801	0.00140859040375856	0.0633181379776718	0.00995568844570627	0.00144398191675277	0.0201249086226351	0.00967255551904342	0.00116084846271226	0.00790414923436071	0.00616877541802891	0.00119623879438052	0.00889275788358551	0.00735439779048376
RC101	15696.95	16673.6000094414	17181.7866751035	16741.9000048637	263.160933333333	297.9185	16624.9000077248	16864.7966743787	16702.500010252	299.004333333333	325.2415	16640.700009346	16753.9333413124	16692.2000095844	245.901733333333	258.9055	16642.2000045776	16677.7800073624	16674.600004673	275.0467	289967	16642.6000103951	16675.5166739146	16671.9500091076	255.0363	274831	16632.3000078201	16653.5800084591	16652.4000091553	292.577066666667	323799	16631.4000067711	16649.2766750336	16644.8000075817	279.705033333333	304619	16633.4000115395	16646.7700078964	16646.3000080585	295.610166666667	301.9955	16631.4000086784	16644.2333408833	16644.700003624	318.307233333333	338.2795	16637.0000061989	16644.9200078487	16644.3500094414	356.195133333333	361004	0.0622190941196459	0.0945939609353095	0.0665702575891328	0.059116580464661	0.0743995919193674	0.0640602161726958	0.0601231455375731	0.0673368610661566	0.0634040377005995	0.0602187051992671	0.062485387757645	0.0622828004595162	0.0602441882273339	0.0623411983802324	0.0621139781363634	0.0595880096337268	0.0609436870512482	0.0608685132560958	0.0595306735876133	0.0606695361222128	0.0603843426641297	0.0596580871786849	0.0605098447721641	0.0604799026599784	0.0595306737091241	0.0603482422307044	0.0603779717476301	0.0598874307555851	0.0603919874783789	0.0603556747929614
RC201	5406.94	5471.20000314713	5546.8400074323	5545.50000786781	62.5154	62649	5457.70000839233	5524.45333970388	5511.60000562668	77.7803666666667	83.9655	5440.00000524521	5488.1733390967	5481.95000481606	89.3537333333333	89.9175	5431.30000591278	5474.76000657082	5476.95000958443	100.918366666667	109.1515	5421.60000514984	5473.66667413712	5470.40000724792	90.5789666666667	96161	5443.10000514984	5467.2000061353	5468.10000228882	107.257566666667	109075	5434.00000190735	5458.6566725413	5458.90000796318	100.6061	105.7385	5440.10000276566	5461.2100054582	5459.80000543594	99.4685	109904	5414.50000476837	5454.01000671387	5455.60000801086	113.769166666667	119.4825	5431.50000524521	5453.30667285919	5451.95000863075	116.751333333333	126072	0.0118847265083624	0.0258741557021719	0.0256263261415537	0.00938793631746116	0.0217337976200729	0.019356605700577	0.00611436510211103	0.0150239024469856	0.013872912371148	0.00450532203293919	0.0125431402180929	0.0129481757860132	0.00271133120579122	0.0123409311250199	0.0117367692720697	0.00668770231403359	0.0111449370873922	0.0113113891200601	0.00500467952434244	0.00956486895384448	0.00960987323017826	0.00613285939286454	0.010037101476657	0.00977632550683808	0.00139820393205234	0.00870547975636254	0.00899954651075539	0.00454231140815475	0.00857539992291232	0.00832448827446801
C101	10828.94	10828.94	10935.170001928	10828.94	17.1878333333333	14.0825	10828.94	10828.94	10828.94	13.8536666666667	9.1885	10828.94	10828.94	10828.94	9.8699	7309	10828.94	10828.94	10828.94	5.93243333333333	4.8505	10828.94	10828.94	10828.94	4.3326	5.2015	10828.94	10828.94	10828.94	2.81493333333333	1.9435	10828.94	10828.94	10828.94	2.89673333333333	2.3435	10828.94	10828.94	10828.94	2.37416666666667	1631	10828.94	10828.94	10828.94	2.34796666666667	1.8605	10828.94	10828.94	10828.94	2.98993333333333	1952	0	0.00980982459298989	0	0	0	0	0	0	0	0	0	0	0	0	0	0	0	0	0	0	0	0	0	0	0	0	0	0	0	0
R104	10007.31	11000.4999985695	11037.6199979266	11031.9499992728	241.110033333333	277192	10989.1999993324	11012.5466647506	11012.6999986172	288616	318.8385	10986.2999964952	11007.049997584	11004.8999973536	238.171033333333	237.9015	10984.8999989033	11003.3833307862	11002.8499982953	282.2701	299421	10983.099997282	11002.5699974616	11001.0499974489	244.385066666667	243.6395	10007.9999947548	10962.2266637802	10995.0499978662	307.049066666667	344.3485	10977.9999986887	10989.9899981459	10989.1499995589	320.204166666667	333.6485	10020.7999954224	10957.2733309468	10988.9999979138	291.639066666667	311025	10978.8999992609	10988.2366646926	10987.9499977231	319.568866666667	343.3145	10977.1999983788	10988.9833311439	10988.7999991775	387.617166666667	409.7225	0.0992464507014861	0.102955739147339	0.102389153456106	0.0981172762043375	0.100450237351554	0.100465559537695	0.0978274877559751	0.0999009721477625	0.0996861291749286	0.0976875902618461	0.0995345733055365	0.0994812790145711	0.0975077215837252	0.0994532993843138	0.0993014104138796	6.89490737062976e-05	0.0954219129596479	0.09870184873519	0.0969980942619643	0.0981962183789549	0.0981122798793009	0.00134801414389719	0.0949269415004396	0.0980972906719026	0.0970880285772004	0.0980210131086736	0.0979923673517762	0.0969181526682749	0.0980956252123554	0.0980773054074928
R203	3939.5	3947.80000507832	4018.17333276669	4005.04999917746	98.8433666666667	106.0855	3952.19999849796	3996.53999937773	3995.94999927282	115.4667	124.8025	3944.69999921322	3980.88333245118	3981.55000030994	100.888466666667	106085	3947.20000112057	3969.73666570584	3968.14999943972	126.6887	132711	3942.60000371933	3964.56666624546	3965.2999997735	96.7716	99861	3940.99999904633	3956.00000008742	3953.39999955893	127.748233333333	132086	3942.29999911785	3953.77333264351	3953.24999886751	125.130833333333	128692	3943.39999866486	3952.82999937932	3951.75000143051	121.616433333333	123.5715	3939.5	3952.24333285093	3952.75	134.928933333333	142909	3940.79999876022	3950.95333259503	3951.14999705553	144.074566666667	148.2045	0.00210686764267438	0.0199703852688646	0.0166391671982373	0.00322375897904885	0.0144789946383367	0.0143292294130786	0.00131996426277921	0.0105047169567673	0.0106739434725077	0.00195456304621585	0.00767525465308786	0.00727249636748733	0.000786902835215087	0.00636290550716094	0.00654905439104007	0.000380758737485895	0.00418834879741596	0.00352836643201564	0.000710749871265708	0.00362313304823178	0.00349029035855102	0.000989973007959375	0.00338367797418888	0.00310953202957519	0	0.00323475894172693	0.00336337098616576	0.000329990800919759	0.00290730615434207	0.00295722732720664
R103	14292.68	15226.200003624	15251.2533330202	15250.5500004292	459.685066666667	481495	14313.3999996185	15089.4399996003	15240.1999978423	489.618866666667	514.1595	14310.8000003099	15083.5199995915	15231.699999094	367.4807	348.3445	14307.8999973536	15016.6833328446	15227.5000016689	469.237766666667	497803	14301.3000028133	14952.7366663496	15224.2999989986	428.8632	434.7905	14293.3000004292	14647.9899998824	14317.9999995828	425.018333333333	460.2455	14297.2000002861	14499.7433333556	14315.4000003934	444.923933333333	478409	14297.7999985218	14494.1866668145	14312.1499997377	424.305666666667	432.11	14303.5999996662	14372.6399992625	14311.4500011206	454.3342	463963	14296.6999993324	14307.4499995907	14304.9000003338	487.4443	499.8585	0.0653145528776942	0.0670674312319459	0.0670182219450203	0.00144969310294011	0.0557460182135367	0.066294074858061	0.00126778185126539	0.0553318201758879	0.0656993649262426	0.00106488057897843	0.0506555336609072	0.0654055083909337	0.000603106122388449	0.0461814485701471	0.0651816173732737	4.33788784995642e-05	0.0248595784613089	0.00177153616975733	0.000316245818566008	0.0144873692936234	0.0015896249264232	0.000358225225906164	0.0140985922034556	0.00136223575548737	0.000764027436856748	0.00559447208378636	0.00131325973299388	0.000281262809524014	0.00103339608741783	0.000854983133589062
R202	4191.7	5096.79999876022	5148.65666638215	5150.14999985695	127.865666666667	135.1965	5094.90000259876	5142.84333269993	5130.849999547	161.1224	166293	5098.19999802113	5120.69666699171	5122.20000320673	134.277933333333	134644	5089.99999892712	5116.59999943177	5117.34999793768	157.2911	163354	5093.7000002861	5107.27999962568	5107.09999966621	142.467233333333	150.3705	4205.49999928474	5043.59666628838	5101.25000178814	151.828266666667	154.3345	4207.10000014305	5043.51666604678	5097.44999998808	148.845866666667	153.9505	4202.49999761581	4950.34999914567	5094.19999921322	136.490766666667	139.9645	4207.09999728203	4894.55999911229	5093.25000035763	152.059733333333	158.4885	4204.29999935627	4978.56999994516	5093.60000157356	161.692333333333	172.9955	0.215926712016658	0.228297985634028	0.228654245260145	0.2154734362189	0.22691111785193	0.224049908043754	0.216260705208179	0.221627661090181	0.221986307036937	0.214304458555507	0.220650332664973	0.220829257327022	0.215187155637594	0.218426891148146	0.218383949153378	0.00329222016955995	0.203234169021728	0.216988334515385	0.00367392708043308	0.203215083628785	0.21608178065894	0.00257651969745316	0.180988620165009	0.215306438727299	0.0036739263978883	0.167678984448383	0.215079800643564	0.0030059401570413	0.187720972384752	0.215163299275607
R102	18486.12	18496.6000012159	19261.2233385404	19482.4000058174	509.0238	558.68	18492.5000021458	19254.1333387295	19479.8500068784	550.483233333333	585244	18487.900005579	18826.0900046825	18508.250007391	433.387633333333	421.5675	18491.3000030518	18661.4266713142	18499.3000041842	514.310833333333	530196	18486.2000041008	18627.5933374127	18498.100004673	537.498266666667	551.9505	18487.6000039577	18494.3666706324	18493.7000041604	512227	528779	18486.12	18492.0500036597	18491.3500035405	493.022233333333	510596	18486.12	18491.6633371552	18491.5500019193	522.399466666667	530.0245	18486.12	18492.2633370598	18492.4000019431	557.6227	588095	18486.12	18490.1066705585	18489.900003314	601.281366666667	632.3655	0.000566911889349186	0.0419289357929299	0.0538934079091456	0.000345123917066871	0.041545404808015	0.0537554666354204	9.62887603778278e-05	0.0183905548964597	0.00119711477535453	0.000280210398491345	0.00948315121368031	0.000712967576984629	4.32779300364702e-06	0.00765294920798292	0.00064805403583906	8.00602807809011e-05	0.000446100676202732	0.000410037593632694	0	0.000320781411119637	0.000282915156913236	0	0.00029986482589015	0.000293733997143294	0	0.000332321604523664	0.000339714442138882	0	0.00021565750727863	0.000204477917162675
R201	5252.37	5267.70000123978	5334.40666799545	5329.35000038147	89.0630666666667	98935	5256.00000047684	5311.04666748047	5307.64999878407	105.3744	109.9255	5263.60000109673	5292.57666753133	5287.95000195503	96.5342666666667	94168	5254.39999938011	5284.88000115553	5282.70000171661	118708	124.1055	5252.37	5280.31000058651	5276.60000038147	106.681566666667	108253	5252.60000014305	5271.87000106176	5271.00000178814	120.462033333333	129657	5253.80000042915	5270.04000081221	5269.60000026226	119.195533333333	127602	5252.37	5264.01000006994	5262.84999978542	116.887066666667	122.6395	5252.37	5264.3266673247	5264.45000004768	122.719633333333	130575	5252.37	5259.74000019232	5257.79999899864	127.8367	139271	0.00291868265940456	0.0156189811447886	0.0146562409695946	0.000691116672442586	0.0111714649730443	0.0105247723949503	0.0021380826363576	0.00765495719671914	0.00677408521391914	0.000386492075027426	0.00618958701605848	0.00577453639340219	0	0.00531950349775625	0.00461315565763071	4.3789783098155e-05	0.00371260993832456	0.00354697056531422	0.00027225812902624	0.00336419574634165	0.0032804239347686	0	0.00221614244044801	0.00199528970453784	0	0.0022764327959953	0.002299914143079	0	0.00140317612664842	0.00103381882819414
R101	20650.8	20651.1000056267	20767.4633400679	20666.1500065327	405.3704	403651	20651.4000058174	20664.5000059525	20661.1000053883	389.187433333333	414.3125	20650.8	20655.4166730881	20654.7500059605	307.892666666667	296.8645	20650.8	20655.0533400059	20653.8000072241	380.650733333333	386194	20650.8	20652.4266735395	20651.5500092506	317.4437	315.4735	20650.8	20651.3700067123	20650.8	358.038933333333	331.8175	20650.8	20651.0400071939	20650.8	340.5628	360599	20650.8	20650.8	20650.8	337.291766666667	314827	20650.8	20650.8	20650.8	360.269366666667	354.0935	20650.8	20650.8	20650.8	351.2644	333206	1.4527554703895e-05	0.00564933755921638	0.000743312924083803	2.90548461761316e-05	0.000663412843692071	0.000498770284359958	0	0.000223559043140019	0.000191276171405718	0	0.000205964902370593	0.000145273172181401	0	7.877048537984e-05	3.63186535457027e-05	0	2.76021612856632e-05	0	0	1.16221741473829e-05	0	0	0	0	0	0	0	0	0	0
