"instance","literatura","one","one_m","one_md","one_m_time","one_md_time","one_time","two","two_m","two_md","two_m_time","two_md_time","two_time","four","four_m","four_md","four_m_time","four_md_time","four_time","eight","eight_m","eight_md","eight_m_time","eight_md_time","eight_time","ten","ten_m","ten_md","ten_m_time","ten_md_time","ten_time","twenty","twenty_m","twenty_md","twenty_m_time","twenty_md_time","twenty_time","thirty","thirty_m","thirty_md","thirty_m_time","thirty_md_time","thirty_time","forty","forty_m","forty_md","forty_m_time","forty_md_time","forty_time","fifty","fifty_m","fifty_md","fifty_m_time","fifty_md_time","fifty_time","sixty","sixty_m","sixty_md","sixty_m_time","sixty_md_time","sixty_time","one_g","one_m_g","one_md_g","one_time_g","two_g","two_m_g","two_md_g","two_time_g","four_g","four_m_g","four_md_g","four_time_g","eight_g","eight_m_g","eight_md_g","eight_time_g","ten_g","ten_m_g","ten_md_g","ten_time_g","twenty_g","twenty_m_g","twenty_md_g","twenty_time_g","thirty_g","thirty_m_g","thirty_md_g","thirty_time_g","forty_g","forty_m_g","forty_md_g","forty_time_g","fifty_g","fifty_m_g","fifty_md_g","fifty_time_g","sixty_g","sixty_m_g","sixty_md_g","sixty_time_g"
"C109",10828.94,10827.3000018597,10867.8200022141,10861.3500013352,115.237,121.898,3.624,10827.3000018597,10838.9500018994,10833.2500027418,106.594333333333,114.4255,43.564,10827.3000018597,10830.6866683722,10827.3000018597,87.5273666666667,75.444,37.866,10827.3000018597,10828.3200016658,10827.3000018597,84.1341333333333,76.4365,25.729,10827.3000018597,10827.4833352407,10827.3000018597,88.9494666666667,85.8435,22.372,10827.3000018597,10827.3700019121,10827.3000018597,93.3623,84.961,25.613,10827.3000018597,10827.330001688,10827.3000018597,91.8308666666667,85.6065,41.206,10827.3000018597,10827.3366685311,10827.3000018597,96.0534,93.482,27.783,10827.3000018597,10827.3766684691,10827.3000018597,86.0227333333333,88.8235,28.958,10827.3000018597,10827.3866683086,10827.3000018597,93.6038333333333,98.952,5.427,-0.000151445860841507,0.0035903793182083,0.00299290616950051,30.798289183223,-0.000151445860841507,0.000924375044964685,0.000398007814411992,1.4468444893337,-0.000151445860841507,0.000161296338532044,-0.000151445860841507,1.31150284335992,-0.000151445860841507,-5.72538340983731e-05,-0.000151445860841507,2.27001178955005,-0.000151445860841507,-0.000134515913772482,-0.000151445860841507,2.97592824363788,-0.000151445860841507,-0.000144981696070969,-0.000151445860841507,2.64511380939367,-0.000151445860841507,-0.000148675522438967,-0.000151445860841507,1.22857998026177,-0.000151445860841507,-0.000148059871868199,-0.000151445860841507,2.45727243278264,-0.000151445860841507,-0.000144366071919956,-0.000151445860841507,1.9706034026291,-0.000151445860841507,-0.00014344263532641,-0.000151445860841507,16.2478041889319
"C208",3588.32,3585.80000281334,3609.35333624681,3587.9500029087,17.7066,15.8265,1.75,3585.80000281334,3592.7033362786,3586.00000286102,18.9195666666667,17.2055,1.597,3585.80000281334,3585.85000282923,3585.80000281334,12.5973333333333,10.488,0.528,3585.80000281334,3586.25000282923,3585.80000281334,7.79606666666667,5.6715,0.694,3585.80000281334,3585.83333614667,3585.80000281334,8.62946666666667,7.2265,0.88,3585.80000281334,3585.90000282923,3585.80000281334,5.53176666666667,6.188,0.807,3585.80000281334,3585.85333614349,3585.80000281334,3.11406666666667,1.8995,0.901,3585.80000281334,3585.9166694959,3585.80000281334,4.0712,2.803,1.047,3585.80000281334,3585.82000279427,3585.80000281334,3.60866666666667,2.202,1.149,3585.80000281334,3585.85666948954,3585.80000281334,2.21413333333333,1.5185,1.133,-0.000702277719562364,0.00586161107337379,-0.000103111509367982,9.11805714285714,-0.000702277719562364,0.00122155668351711,-0.000646541317099756,10.8469421832603,-0.000702277719562364,-0.000688343617839409,-0.000702277719562364,22.8585858585859,-0.000702277719562364,-0.000576870839491857,-0.000702277719562364,10.233525456292,-0.000702277719562364,-0.000692988321366745,-0.000702277719562364,8.80621212121212,-0.000702277719562364,-0.000674409520546044,-0.000702277719562364,5.85472945064023,-0.000702277719562364,-0.000687414683335342,-0.000702277719562364,2.45623381428043,-0.000702277719562364,-0.000669764821448172,-0.000702277719562364,2.88844317096466,-0.000702277719562364,-0.00069670408596055,-0.000702277719562364,2.14070205976211,-0.000702277719562364,-0.000686485739972096,-0.000702277719562364,0.954221829949985
"R112",9982.14,10994.099997282,11020.3333310207,11024.149995029,105.013433333333,108.743,30.255,10967.6999931335,11001.5233302514,11001.2499964834,131.5293,141.797,55.668,10970.1999976635,10992.1466639042,10990.34999758,125.595433333333,128.4815,36.817,10968.1999988556,10988.0533306162,10988.9499967098,155.659366666667,161.936,103.058,10967.2999954224,10987.0633310556,10987.6999987363,202.303433333333,217.2005,71.5,10954.6999940872,10978.2866629839,10979.8499971032,278.039766666667,283.678,165.311,10963.3999942541,10977.9366628965,10978.2999937534,318.6837,317.947,217.458,10960.5999963284,10975.1599964261,10975.4999963045,300.6074,319.4255,169.675,10960.7999973297,10973.4299963991,10972.9499945641,313.079733333333,341.9995,133.155,10956.2999951839,10972.0866631071,10971.3499951363,420.949566666667,436.301,234.218,0.101377059155852,0.104005086185997,0.104387435462636,2.47094474742467,0.0987323352641317,0.102120720632186,0.102093338350629,1.3627452037077,0.0989827830168181,0.101181376328542,0.101001388237397,2.4113434916841,0.0987824252971407,0.100771310622387,0.100861137662846,0.510405467471391,0.0986922639256112,0.10067213353606,0.100735914216425,1.82941864801865,0.0974300094055182,0.0997928964113801,0.0999495095343484,0.681919331845229,0.0983015660223259,0.0997578337807805,0.099794231873471,0.465495406009436,0.0980210652553861,0.0994796703338267,0.0995137311542917,0.771665831737144,0.0980411011396053,0.0993063608002981,0.0992582747350869,1.35124278722792,0.097590295786665,0.0991717871225082,0.0990979885211289,0.797255405932365
"R211",2885.71,3814.29999423027,3870.29333098729,3877.89999651909,61.8001,64.9485,10.403,3797.39999628067,3847.6466640075,3850.5999982357,76.7364333333333,81.3165,28.324,3813.89999628067,3839.36666440964,3837.84999668598,85.2528,89.631,48.878,3794.5999982357,3832.08666435083,3833.29999554158,83.3132666666667,90.693,26.134,3797.09999728203,3826.5733307004,3829.09999716282,84.5029,89.316,48.72,3803.89999580383,3818.72999728123,3816.69999635219,123.912966666667,131.0915,66.457,3789.59999608994,3813.8733302633,3817.59999728203,131.8284,133.1575,46.042,3787.19999837875,3814.44666395187,3815.94999504089,113.591,117.5325,52.387,3790.49999547005,3809.61999687751,3810.64999854564,145.395533333333,148.1645,87.504,3778.69999694824,3802.67333034277,3805.19999837875,148.7974,153.346,31.431,0.321789089766563,0.341192750133345,0.34382872725225,4.94060367201769,0.315932646135845,0.333344883584111,0.334368317757398,1.70923716047639,0.321650476409851,0.330475572531417,0.329949993826816,0.744195752690372,0.314962348342592,0.327952796487113,0.328373258415286,2.18792632840999,0.315828685932415,0.326042232483651,0.326917811270994,0.734460180623974,0.318185124563393,0.323324241618608,0.322620774905377,0.8645585365976,0.313229671758403,0.321641235697037,0.322932656878905,1.86322053776986,0.312397988148064,0.321839915983198,0.322360873074874,1.16830511386413,0.313541553194898,0.320167306097117,0.320524237898349,0.661587279819589,0.309452438723309,0.317760041841616,0.318635621174252,3.73409691069326
"RC108",11139.82,12146.3000011444,12190.4900029818,12190.950003624,120.456966666667,120.888,42.36,11208.9000000954,12156.1233360529,12181.800003767,129.4373,128.665,32.801,11152.3000016212,12069.6600032488,12166.3500032425,149.348166666667,158.289,46.595,11164.7000026703,11994.5000024239,12151.7500035763,156.765533333333,175.257,34.676,11149.1000022888,11932.6566696485,12155.5000053644,192.897333333333,202.4315,45.555,11144.3000044823,11697.8733356237,12132.500002861,236.2404,248.1235,114.83,11149.4000005722,11599.5166688681,11223.3000025749,292.554566666667,312.978,114.122,11149.3000020981,11409.9133355935,11185.1500003337,265.114133333333,265.2815,33.921,11150.6000008583,11474.8833353599,11200.8000032902,267.1402,262.879,148.204,11145.9000029564,11406.2233353535,11189.3500027657,340.6579,376.412,82.401,0.0903497544075578,0.0943166050243028,0.0943578983883042,1.84364888259364,0.00620117740640338,0.0912315760984379,0.0935365206769049,2.94613883723057,0.00112030550055577,0.0834699306854911,0.0921496041446361,2.20524019029223,0.00223342950517164,0.0767229634252558,0.0908389905381147,3.52086553620179,0.000833047777145453,0.0711714075854445,0.0911756209134798,3.23438334613837,0.000402161299042579,0.0500953638051367,0.0891109553710068,1.05730558216494,0.000859978040237582,0.0412660769086098,0.00749383765401049,1.56352470747679,0.00085100137148537,0.0242457540241712,0.00406918606707738,6.81563436612521,0.000967699734672544,0.0300779846855608,0.00547405642911648,0.80251680116596,0.000545790053735138,0.0239145098712125,0.00444621212601733,3.13414764383927
"RC208",3828.14,3877.60000514984,3973.25000257492,3967.20000243187,61.9598,67.6775,4.503,3888.30000448227,3936.52666902542,3931.65000367165,77.1326666666667,78.5735,25.275,3877.60000276566,3926.13666890462,3925.09999978542,78.8105,84.0075,28.572,3863.30000305176,3908.84333635171,3911.30000305176,82.4069,86.7295,24.594,3853.20000219345,3897.21000254154,3900.60000276566,70.0599666666667,74.843,27.739,3843.90000295639,3893.04333601793,3891.40000426769,118.318533333333,126.3815,63.281,3849.80000209808,3879.6833359321,3879.05000376701,125.6839,131.707,79.335,3843.5000038147,3874.78000315825,3875.70000195504,118.672166666667,123.462,75.256,3855.00000190735,3874.45333576202,3875.45000386238,126.877033333333,127.304,69.432,3841.30000519753,3874.80000268618,3875.75000178814,139.434166666667,143.53,67.015,0.0129201139848177,0.0379061378567452,0.0363257358487073,12.7596713302243,0.0157152048990555,0.0283131413755561,0.0270392419482165,2.05173755357732,0.012920113362014,0.0255990295299082,0.0253282272292602,1.75831233375333,0.00918461786971224,0.0210816052578307,0.021723344248579,2.35069122550215,0.00654626063661469,0.018042705476169,0.0189282530852203,1.52568465577947,0.00411688260000681,0.0169542744042606,0.016524997588304,0.869732357790385,0.00565810082653194,0.0134643288730547,0.0132988876496197,0.584217558454654,0.00401239343772697,0.0121834632898096,0.0124237885644295,0.576913025760958,0.0070164628010862,0.0120981301002637,0.0123584831961162,0.827356742328225,0.0034377021732565,0.0121886876358187,0.012436849694144,1.0806411499913
"C108",10828.94,10827.3000018597,10839.4700018804,10827.3000018597,33.9534666666667,35.1595,3.938,10827.3000018597,10832.4266683738,10827.3000018597,30.7264,30.6445,3.755,10827.3000018597,10827.3366685311,10827.3000018597,27.2238333333333,25.8485,6.13,10827.3000018597,10827.3233352185,10827.3000018597,17.6108666666667,17.167,2.089,10827.3000018597,10827.3000018597,10827.3000018597,14.0564,13.219,1.092,10827.3000018597,10827.3366685311,10827.3000018597,12.6731666666667,11.949,1.2,10827.3000018597,10827.3600018899,10827.3000018597,12.8746333333333,12.614,3.36,10827.3000018597,10827.3000018597,10827.3000018597,12.8071666666667,14.512,3.436,10827.3000018597,10827.3466685772,10827.3000018597,12.2545,11.4845,4.671,10827.3000018597,10827.3233352185,10827.3000018597,12.8745,12.1605,2.963,-0.000151445860841507,0.000972394516947183,-0.000151445860841507,7.62200778737092,-0.000151445860841507,0.000321976885435614,-0.000151445860841507,7.18279627163782,-0.000151445860841507,-0.000148059871868199,-0.000151445860841507,3.44108210984231,-0.000151445860841507,-0.000149291138517446,-0.000151445860841507,7.43028562310515,-0.000151445860841507,-0.000151445860841507,-0.000151445860841507,11.8721611721612,-0.000151445860841507,-0.000148059871868199,-0.000151445860841507,9.56097222222222,-0.000151445860841507,-0.000145905149544138,-0.000151445860841507,2.83173611111111,-0.000151445860841507,-0.000151445860841507,-0.000151445860841507,2.7273476911137,-0.000151445860841507,-0.000147136416193553,-0.000151445860841507,1.62352815242989,-0.000151445860841507,-0.000149291138517446,-0.000151445860841507,3.34508943638205
"C207",3588.29,3585.80000281334,3606.59000293414,3586.00000286102,16.1736,16.174,2.118,3585.80000281334,3604.93333611488,3585.80000281334,15.8261333333333,11.866,2.498,3585.80000281334,3588.32333609263,3585.80000281334,10.0100333333333,5.991,0.424,3585.80000281334,3585.80666947365,3585.80000281334,10.1831333333333,8.6935,0.781,3585.80000281334,3585.85000279745,3585.80000281334,3.2822,2.511,0.835,3585.80000281334,3585.87333614032,3585.80000281334,3.52363333333333,3.5855,0.776,3585.80000281334,3585.82000281016,3585.80000281334,2.84443333333333,2.679,0.981,3585.80000281334,3585.87666947047,3585.80000281334,2.67096666666667,2.4885,1.055,3585.80000281334,3585.83333614667,3585.80000281334,2.43413333333333,1.58,1.044,3585.80000281334,3585.86333611806,3585.80000281334,2.50953333333333,1.533,1.119,-0.000693923062701125,0.00509992306478539,-0.000638186194252749,6.63626062322946,-0.000693923062701125,0.00463823607202436,-0.000693923062701125,5.33552175073392,-0.000693923062701125,9.29024483305372e-06,-0.000693923062701125,22.6085691823899,-0.000693923062701125,-0.000692065169300971,-0.000693923062701125,12.0385830132309,-0.000693923062701125,-0.000679988853340846,-0.000693923062701125,2.93077844311377,-0.000693923062701125,-0.000673486217581181,-0.000693923062701125,3.540764604811,-0.000693923062701125,-0.000688349378071164,-0.000693923062701125,1.89952429493714,-0.000693923062701125,-0.000672557270881104,-0.000693923062701125,1.53172195892575,-0.000693923062701125,-0.00068463358684123,-0.000693923062701125,1.33154533844189,-0.000693923062701125,-0.000676273066540665,-0.000693923062701125,1.24265713434614
"R111",11096.72,12083.199999094,12255.4599998673,12117.0000001192,120.030733333333,128.1915,35.188,12067.299998641,12117.4,12118.5000021458,147.6291,150.905,76.176,11112.0000030994,12061.3599999428,12091.4499964714,198.508466666667,226.197,54.731,12070.4999996424,12092.5099993149,12092.3500005007,195.6271,202.444,82.263,12066.5000008345,12087.9899999658,12086.7499997615,229.133366666667,247.4955,62.217,12060.099996686,12079.4266666372,12078.7499995827,271.512866666667,277.659,121.099,11159.7999970913,12046.7333331863,12075.2499994636,300.501733333333,306.0325,191.868,11105.4999976158,12005.430000035,12069.6499990225,276.495033333333,296.366,147.796,11125.0000025034,12010.8733336051,12074.0499995947,285.946966666667,295.7285,146.369,11099.2999978065,11976.1066669305,12069.4500018954,313.100133333333,318.8595,78.682,0.0888983410497878,0.104421847164503,0.0919442862502795,2.41112689932174,0.0874654851740875,0.091980332927207,0.092079461511672,0.938000157529931,0.00137698374829683,0.0869301919795012,0.0896418037466388,2.62698409798225,0.0877538587656893,0.0897373277252143,0.0897229091570033,1.37806911977438,0.0873933919964188,0.0893300002132012,0.0892182554630151,2.68280962866526,0.0868166446198517,0.0885583007084298,0.0884973216935049,1.24207356515468,0.00568456238341611,0.0856120847589481,0.0881819131656518,0.566189950035094,0.000791224579497393,0.0818899638843701,0.0876772594985276,0.870788338881521,0.00254850104385811,0.0823804992470863,0.0880737731144609,0.953603335861191,0.000232500937799693,0.0792474413097306,0.0876592364135934,2.9793108122993
"R210",3939.37,3973.09999918938,4029.66666587988,4026.79999554157,78.4453,78.5925,22.979,3966.59999871254,4004.68333213727,3998.40000045299,90.4076,94.434,45.311,3964.19999623299,3992.30333253543,3992.34999710322,73.3617666666667,73.2255,31.377,3944.79999649525,3983.74666490555,3983.44999861717,100.577,104.1505,40.934,3952.89999842644,3977.12666463852,3979.39999687672,80.3783,81.65,36.416,3959.99999761581,3972.89666537841,3971.0999994874,102.667533333333,103.2485,34.117,3949.6999976635,3969.05333175659,3968.34999918938,113.554,112.623,69.924,3956.39999556541,3969.64999745289,3971.39999818802,121.4173,127.3455,72.565,3947.39999771118,3964.98333143791,3966.24999910593,118.699666666667,120.22,84.251,3946.69999670982,3965.45999797185,3966.00000053644,125.570533333333,125.444,86.771,0.00856228259579073,0.0229216006315438,0.022193902969655,2.41378214891858,0.00691227244776201,0.0165796389111119,0.0149846296369711,0.995268257156099,0.00630303734683216,0.0134370045300203,0.0134488502230599,1.33807459816639,0.00137839210210013,0.0112649141628097,0.011189606108888,1.45705281672937,0.00343455893364681,0.00958444234446633,0.0101615224964196,1.20722484622144,0.00523687737272971,0.00851066677626422,0.00805458727852427,2.00927787710916,0.00262224611130722,0.00753504538964161,0.00735650603761011,0.623963160002288,0.00432302514498765,0.00768650760220399,0.00813074125761613,0.67322124991387,0.0020383964215547,0.0065018851841554,0.00682342585386369,0.408881398044731,0.00186070277984045,0.00662288588577677,0.00675996429287934,0.44714862492461
"RC107",12230.48,12270.7000055313,13019.6266724269,13294.1000071764,216.815833333333,243.66,37.824,12229.7000074387,12919.560006094,13288.8500074149,247.547666666667,270.14,97.427,12240.8000051975,12745.61667219,12322.0000009537,193.3106,198.1215,70.968,13382.7000060081,13978.8800045649,14394.5500030518,301.258933333333,303.1595,115.253,12235.7000043392,12400.6433393002,12267.3500061035,223.459933333333,237.646,107.129,12231.7000081539,12258.970006156,12262.2500071526,291.130466666667,314.559,93.302,12227.7000057697,12253.3100060066,12253.7500020266,278.1882,299.228,75.117,12225.5000064373,12251.2200067123,12249.2500056028,310.135166666667,316.442,191.272,12230.2000057697,12248.9900061448,12247.9000052213,313.917533333333,340.992,132.86,12226.5000066757,12250.7866736889,12249.5000097752,370.3473,391.1565,182.682,0.00328850589112615,0.0645229518732594,0.0869646986198743,4.73222909616469,-6.37744848362352e-05,0.0563412070576121,0.0865354432054058,1.54085280945392,0.000843793963728324,0.0421190887185159,0.00748294432873044,1.72391218577387,0.0942088949908835,0.14295432432455,0.176940725388681,1.61389233541282,0.000426802900556674,0.0139130548678513,0.00301460008957142,1.08589582030387,9.97514532464212e-05,0.00232942665831388,0.00259760918235437,2.12030253013512,-0.000227300500904221,0.00186664840681339,0.00190262377490917,2.70339869803107,-0.000407178913885616,0.00169576392032691,0.00153469083820101,0.621435268448423,-2.28931513970877e-05,0.00151343251817079,0.00142431083827856,1.3627693311255,-0.000325415954590446,0.00166033333842034,0.00155513191429939,1.0272785496108
"RC207",4061.14,4120.00000309944,4576.64000310898,4225.30000257492,98.6522333333333,104.814,19.883,4092.00000619888,4478.61667055289,4198.95000302791,105.272166666667,105.9635,54.439,4118.30000424385,4296.94667110443,4183.60000765324,85.3832666666667,82.8485,39.363,4074.60000753403,4139.2666712602,4128.45000267029,105.585866666667,112.368,46.099,4077.20000934601,4139.78667110602,4139.65000116825,88.1349666666667,87.4345,18.495,4086.40000247955,4116.66000358264,4115.60000407696,122.7042,121.3565,76.13,4075.80000925064,4109.5433385849,4112.60000705719,112.208933333333,111.43,32.408,4065.60000991821,4102.1033381621,4103.25000452995,114.1961,128.3025,37.055,4068.40000319481,4098.66333847046,4099.40000617504,125.199366666667,130.7355,49.387,4067.10000276566,4095.3800049146,4094.90000629426,129.592033333333,140.579,37.311,0.0144934681147263,0.126934802323726,0.0404221481098705,3.96163724454727,0.00759885308038618,0.102797901710576,0.033933822283377,0.933763784541719,0.0140748667230998,0.0580641571343099,0.0301540965475802,1.1691249820051,0.0033143421635377,0.0192376207814058,0.0165741645622386,1.29041555492889,0.00395455693376978,0.0193656636082529,0.0193320105113969,3.76534018203118,0.00621992900504531,0.0136710390635722,0.0134100287301002,0.611771969000394,0.00360982612040945,0.0119186579593168,0.0126713206284909,2.46238377355385,0.00109821624425896,0.0100866599432928,0.0103690108023743,2.08180002698691,0.00178767616846736,0.00923960722123809,0.00942100153529281,1.53506725791538,0.00146756890076671,0.008431131385424,0.00831293831147282,2.47329295203381
"C107",10828.94,10827.3000018597,10833.0766686678,10827.3000018597,12.9800666666667,5.526,1.101,10827.3000018597,10828.5700018406,10827.3000018597,7.56783333333333,7.004,1.208,10827.3000018597,10828.5333352725,10827.3000018597,5.07093333333333,3.8065,0.633,10827.3000018597,10827.3233352185,10827.3000018597,4.1495,3.5305,0.68,10827.3000018597,10827.3000018597,10827.3000018597,2.89086666666667,2.329,0.914,10827.3000018597,10827.3233352185,10827.3000018597,1.9556,1.678,0.891,10827.3000018597,10827.3000018597,10827.3000018597,2.69163333333333,1.7875,1.056,10827.3000018597,10827.3000018597,10827.3000018597,2.3755,2.265,1.058,10827.3000018597,10827.3000018597,10827.3000018597,2.67046666666667,2.254,1.564,10827.3000018597,10827.3000018597,10827.3000018597,2.81896666666667,2.358,1.361,-0.000151445860841507,0.000382001254768766,-0.000151445860841507,10.7893430214956,-0.000151445860841507,-3.41675324991914e-05,-0.000151445860841507,5.26476269315673,-0.000151445860841507,-3.75535119316967e-05,-0.000151445860841507,7.01095313322802,-0.000151445860841507,-0.000149291138517446,-0.000151445860841507,5.10220588235294,-0.000151445860841507,-0.000151445860841507,-0.000151445860841507,2.16287381473377,-0.000151445860841507,-0.000149291138517446,-0.000151445860841507,1.19483726150393,-0.000151445860841507,-0.000151445860841507,-0.000151445860841507,1.5488952020202,-0.000151445860841507,-0.000151445860841507,-0.000151445860841507,1.2452741020794,-0.000151445860841507,-0.000151445860841507,-0.000151445860841507,0.707459505541347,-0.000151445860841507,-0.000151445860841507,-0.000151445860841507,1.07124663237815
"C206",3588.49,3586.0000026226,3604.9400024573,3586.0000026226,10.109,8.8425,0.364,3586.0000026226,3588.60333587328,3586.0000026226,7.07783333333333,5.514,0.368,3586.0000026226,3586.11333595911,3586.0000026226,3.23233333333333,1.982,0.446,3586.0000026226,3586.10333595276,3586.0000026226,3.2817,2.014,0.571,3586.0000026226,3586.09000261624,3586.0000026226,2.3169,1.366,0.62,3586.0000026226,3586.02666929562,3586.0000026226,1.74676666666667,1.1645,0.806,3586.0000026226,3586.05333596865,3586.0000026226,1.26313333333333,1.042,0.832,3586.0000026226,3586.0000026226,3586.0000026226,1.19956666666667,1.0905,0.834,3586.0000026226,3586.0000026226,3586.0000026226,1.20366666666667,1.21,0.967,3586.0000026226,3586.01333595911,3586.0000026226,1.44046666666667,1.326,1.095,-0.000693884440920822,0.00458410151827025,-0.000693884440920822,26.771978021978,-0.000693884440920822,3.15831654211847e-05,-0.000693884440920822,18.2332427536232,-0.000693884440920822,-0.000662301982417991,-0.000693884440920822,6.2473841554559,-0.000693884440920822,-0.000665088671626428,-0.000693884440920822,4.74728546409807,-0.000693884440920822,-0.000668804255761514,-0.000693884440920822,2.73693548387097,-0.000693884440920822,-0.00068645327265103,-0.000693884440920822,1.16720430107527,-0.000693884440920822,-0.000679022104381111,-0.000693884440920822,0.518189102564103,-0.000693884440920822,-0.000693884440920822,-0.000693884440920822,0.438329336530775,-0.000693884440920822,-0.000693884440920822,-0.000693884440920822,0.244743192002758,-0.000693884440920822,-0.000690168856785862,-0.000693884440920822,0.315494672754947
"R110",11118.84,12105.1999938488,12491.9133305629,12177.2999976874,274.859833333333,287.0475,68.783,12092.9999961853,12410.4866638581,12152.2499961853,303.816,321.855,146.715,12100.6999969482,12267.4099965731,12136.8499975205,244.144233333333,250.7515,106.618,12085.5999965668,12125.049996376,12129.2999970317,300.496233333333,301.2525,199.826,12098.0999939442,12123.5699958563,12122.2999944687,276.673066666667,283.3015,144.473,12086.2999966145,12106.9099957784,12105.7999954223,334.374233333333,356.2465,169.159,12082.8999962807,12104.9133295298,12103.6499948501,352.2294,375.008,115.803,12087.9999959469,12104.8333294153,12104.3999958038,333.552933333333,355.3685,190.814,12084.1999971867,12102.5999960343,12103.6499974728,354.836533333333,376.788,145.305,12085.8999946117,12100.4499960264,12099.8499968052,409.345033333333,422.4835,188.826,0.0887106922888359,0.123490699620006,0.0951951820232462,2.99604311142773,0.0876134557368663,0.116167393708165,0.0929422490282528,1.07079030773949,0.0883059740897612,0.10329944459792,0.09155721257977,1.2898969529848,0.0869479187187512,0.0904959506905435,0.0908781848674591,0.503789463499912,0.0880721364768448,0.0903628432333127,0.09024862256033,0.915050332357372,0.0870108749307032,0.0888644854839538,0.0887646548940671,0.976686037002662,0.086705087606324,0.0886849104339808,0.0885712893476432,2.04162586461491,0.08716376851784,0.0886777154285273,0.0886387425130499,0.74805272848603,0.0868220063591796,0.0884768551426507,0.0885712895835176,1.44201186011034,0.0869748997747697,0.0882834896469736,0.0882295272533106,1.16784252874781
"R209",3909.16,3964.09999549389,4016.89999692837,4015.24999606609,75.7470333333333,83.4955,9.869,3925.89999818802,3988.8366636912,3984.3999979496,93.7676666666667,99.3185,43.675,3928.99999904633,3970.5966635704,3962.49999511242,88.0401333333333,93.439,33.347,3922.39999723434,3950.91999649207,3952.64999866486,104.1275,109.654,42.339,3926.69999551773,3955.27999699911,3958.54999554157,96.3346,97.7245,53.321,3910.09999752045,3944.58332964579,3948.24999415874,114.331833333333,119.441,56.834,3921.79999899864,3943.85333031813,3945.59999763966,104.1751,108.9305,36.439,3913.99999475479,3936.98333023389,3936.4499976635,108.333666666667,113.3885,33.642,3908.49999690056,3934.50666365624,3935.04999661446,121.640533333333,121.542,35.11,3917.69999718666,3935.18999667962,3933.69999694824,135.887833333333,143.672,37.583,0.0140541690526585,0.027560907440057,0.0271388216563379,6.67524909649745,0.00428224943159664,0.0203820420988662,0.0192471011546215,1.14694142339248,0.00507525889099702,0.0157160780245383,0.0136448738635462,1.64012155016443,0.00338691617491739,0.0106826009915349,0.0111251518650695,1.45937551666312,0.00448689629427548,0.0117979302456552,0.0126344267161155,0.806691547420341,0.000240460231980811,0.0090616218435143,0.00999958921066034,1.01168021489484,0.0032334309669188,0.00887488112999536,0.00932169510576693,1.85889020006037,0.00123811631009988,0.00711747030919475,0.00698103880718617,2.22019103105245,-0.000168835018121545,0.00648391563820239,0.00662290533374432,2.46455520744327,0.00218461183135507,0.00665871867092259,0.00627756268565243,2.61567286627819
"RC106",12424.73,13409.2000017166,14370.1433368047,14435.4000041485,252.934966666667,269.2635,69.04,13382.7000060081,14092.6800050418,14413.4500045777,271.950466666667,290.498,65.533,13386.8000054359,14192.0833378315,14425.0000021457,228.790866666667,235.75,84.032,13382.7000060081,13978.8800045649,14394.5500030518,301.258933333333,303.1595,115.253,13389.1000037193,13910.0366705735,13920.3500058651,265.9331,296.1535,52.641,13381.8000035286,13572.4466712316,13415.2000036239,321.1173,343.9145,93.563,13382.7000060081,13549.2900049527,13420.5500049591,310.349633333333,319.3965,128.304,13382.7000050545,13473.2100040277,13410.2500035762,313.4127,329.381,119.591,13380.5000042915,13399.4433367729,13399.2500042915,337.661266666667,340.2525,181.34,13382.7000060081,13400.8433380763,13398.9500057697,369.9863,404.305,74.717,0.0792347199268394,0.156575904410374,0.161828064203283,2.66360032831209,0.0771018771440588,0.134244366279328,0.160061426250522,3.14982477021755,0.0774318641480258,0.142244808364568,0.160991023720093,1.72266358847423,0.0771018771440588,0.125085213486725,0.158540266311763,1.61389233541282,0.0776169786964627,0.11954438209712,0.120374447240713,4.05182462339241,0.0770294407627853,0.0923735703899876,0.0797176279584305,2.43209708966151,0.0771018771440588,0.0905098142939721,0.080148220923843,1.41886171384628,0.0771018770673085,0.084386542325481,0.0793192289551765,1.62070473530617,0.0769248107839366,0.0784494581993262,0.0784338979029325,0.86203411639278,0.0771018771440588,0.0785621368091116,0.0784097526280008,3.95183559297081
"RC206",4146.32,4225.39999866486,4578.57000215848,4357.25000309944,76.5726,78.479,4.722,4156.80000400543,4364.32000290553,4278.75000166893,90.5110333333333,88.228,28.841,4176.70000219345,4262.85666948954,4256.20000195504,68.4628333333333,71.4575,21.392,4191.70000362396,4251.02333709399,4243.5500023365,82.7584,91.6425,21.431,4167.40000152588,4222.93333652814,4220.85000038147,76.7028333333333,77.6375,29.36,4155.69999790192,4203.48666973114,4207.40000128746,91.3072,94.978,25.338,4146.20000267029,4193.39000228246,4199.79999947548,90.4321666666667,87.1125,44.003,4154.70000219345,4199.57000238101,4199.95000338554,98.1328666666667,103.0625,35.477,4161.50000047684,4201.78666911125,4203.50000405311,98.4029333333333,104.832,19.043,4146.20000267029,4187.4566690286,4192.30000305175,103.318566666667,108.421,41.196,0.0190723336994877,0.104249069574583,0.0508716170241178,15.2161372299873,0.00252754346153471,0.0525767434509462,0.0319391657346588,2.13827652762849,0.00732697963337377,0.0281060481317271,0.0265006082393629,2.20039422837198,0.0109446457639449,0.0252521120159539,0.0234497101855382,2.86162101628482,0.00508402668532099,0.0184774297517179,0.0179749754918747,1.61249432334242,0.00226224649856269,0.0137873270107327,0.0147311353893237,2.60356776383298,-2.89406822700139e-05,0.0113522357855786,0.0128981842876286,1.05513639221568,0.00202106981454647,0.0128427141129981,0.0129343618885048,1.76609822326202,0.00366107788999406,0.0133773247388654,0.0137905429520913,4.16740709622083,-2.89406822700139e-05,0.0099212480051225,0.0110893522573642,1.50797569343302
"C106",10828.94,10827.3000018597,10832.9066686948,10827.3000018597,12.7150666666667,9.5005,1.618,10827.3000018597,10839.14000206,10827.3000018597,13.0987,6.8715,1.184,10827.3000018597,10829.0133353393,10827.3000018597,13.5971,8.138,0.851,10827.3000018597,10828.9666686217,10827.3000018597,9.38563333333333,6.6935,1.461,10827.3000018597,10827.3000018597,10827.3000018597,7.35426666666667,6.5145,0.973,10827.3000018597,10827.3000018597,10827.3000018597,4.67486666666667,3.384,1.141,10827.3000018597,10827.3000018597,10827.3000018597,5.8391,5.9545,2.144,10827.3000018597,10827.3266685168,10827.3000018597,4.19283333333333,3.384,1.689,10827.3000018597,10827.3000018597,10827.3000018597,6.55253333333333,6.202,2.306,10827.3000018597,10827.3000018597,10827.3000018597,5.33206666666667,4.216,1.882,-0.000151445860841507,0.000366302583156076,-0.000151445860841507,6.85850844664194,-0.000151445860841507,0.000941920636734765,-0.000151445860841507,10.0630912162162,-0.000151445860841507,6.77216230386787e-06,-0.000151445860841507,14.9777908343126,-0.000151445860841507,2.46271765591316e-06,-0.000151445860841507,5.42411590234999,-0.000151445860841507,-0.000151445860841507,-0.000151445860841507,6.55834189791024,-0.000151445860841507,-0.000151445860841507,-0.000151445860841507,3.09716622845457,-0.000151445860841507,-0.000151445860841507,-0.000151445860841507,1.72346082089552,-0.000151445860841507,-0.00014898332460715,-0.000151445860841507,1.48243536609434,-0.000151445860841507,-0.000151445860841507,-0.000151445860841507,1.84151488869615,-0.000151445860841507,-0.000151445860841507,-0.000151445860841507,1.83319164009919
"C205",3588.88,3586.40000271797,3603.37333586216,3586.40000271797,9.80863333333333,7.6995,0.496,3586.40000271797,3589.05666939417,3586.40000271797,4.78446666666667,3.2485,0.464,3586.40000271797,3586.40000271797,3586.40000271797,2.89966666666667,1.7695,0.427,3586.40000271797,3586.40000271797,3586.40000271797,1.79283333333333,1.445,0.451,3586.40000271797,3586.47333604495,3586.40000271797,2.13093333333333,1.462,0.597,3586.40000271797,3586.40000271797,3586.40000271797,1.09503333333333,0.879,0.772,3586.40000271797,3586.40000271797,3586.40000271797,1.0782,0.941,0.642,3586.40000271797,3586.40000271797,3586.40000271797,0.996066666666667,0.915,0.706,3586.40000271797,3586.40000271797,3586.40000271797,1.06213333333333,1.0195,0.853,3586.40000271797,3586.40000271797,3586.40000271797,1.08336666666667,1.0895,0.961,-0.000691022626008706,0.0040384007997365,-0.000691022626008706,18.7754704301075,-0.000691022626008706,4.92268881024531e-05,-0.000691022626008706,9.31135057471264,-0.000691022626008706,-0.000691022626008706,-0.000691022626008706,5.79078844652615,-0.000691022626008706,-0.000691022626008706,-0.000691022626008706,2.97524020694752,-0.000691022626008706,-0.000670589140638495,-0.000691022626008706,2.56940256839754,-0.000691022626008706,-0.000691022626008706,-0.000691022626008706,0.418436960276338,-0.000691022626008706,-0.000691022626008706,-0.000691022626008706,0.679439252336449,-0.000691022626008706,-0.000691022626008706,-0.000691022626008706,0.410859301227573,-0.000691022626008706,-0.000691022626008706,-0.000691022626008706,0.245173896053146,-0.000691022626008706,-0.000691022626008706,-0.000691022626008706,0.127332639611516
"R109",12194.73,13173.499994278,13310.9699965954,13208.6499968767,247.583633333333,245.242,126.707,13165.6999955177,13263.983329622,13190.8999954462,293.716166666667,310.8295,124.714,13165.3999927044,13188.8166627328,13187.1499958038,205.584233333333,189.7685,82.058,13163.0999965668,13182.1999957403,13181.2999978065,274.708333333333,278.2475,160.16,13161.299998045,13177.9533290068,13178.449996233,281.821766666667,293.779,193.536,13155.8999967575,13172.1666631381,13172.1499958038,340.7682,351.8415,194.771,13158.5999979973,13169.7599962473,13169.2499952317,317.816966666667,338.005,141.819,13152.5999958515,13168.5733295043,13169.499994874,288.0332,297.2065,108.889,13159.0999927521,13168.836662213,13169.6999944449,313.0656,351.546,64.63,13149.5999968052,13167.3899960995,13168.349996686,393.872466666667,414.6875,203.086,0.0802617191424492,0.0915346216435606,0.083144111995649,0.953985441477845,0.0796220986867032,0.0876815911153386,0.0816885650970706,1.35511784295802,0.0795974976653358,0.0815177263238099,0.0813810552430272,1.50535271799621,0.0794088919202639,0.0809751421917711,0.0809013399892043,0.715211871461871,0.0792612872974638,0.0806269043272649,0.0806676323488056,0.456172322806437,0.078818472959836,0.080152382474895,0.0801510157095566,0.749583870288698,0.0790398801775276,0.0799550294469246,0.0799132080195011,1.24100414377951,0.0785478641881781,0.0798577196464643,0.0799337086490641,1.64520015795902,0.0790808810651897,0.0798793136226067,0.0799501091409856,3.84396719789571,0.0783018563596899,0.0797606831885151,0.0798394057667534,0.939436823152096
"R208",2726.82,2737.99999761581,2786.67666541735,2787.14999955893,63.0825,73.536,10.071,2738.7999972105,2768.5866653045,2765.74999713898,72.9835,75.686,32.965,2730.20000016689,2750.68333186309,2748.50000047684,72.7612,73.1795,42.648,2734.7999972105,2749.58333194256,2747.59999936819,75.2735666666667,76.599,29.73,2730.89999723434,2744.4933319966,2741.99999970198,76.6252666666667,77.306,24.488,2729.99999880791,2739.60999874671,2738.04999947548,98.5115,99.261,50.84,2726.79999685287,2734.78333155314,2733.44999742508,87.4282666666667,93.3595,38.003,2726.29999780655,2735.06333171527,2734.89999824762,95.6854666666667,100.9485,18.996,2724.59999799728,2734.04666448037,2734.2999971509,106.837566666667,112.032,49.154,2726.19999861717,2732.72999841372,2732.44999909401,109.778833333333,112.0275,41.173,0.00410001306129849,0.0219510878669489,0.0221246725339131,5.26377718200775,0.00439339494741117,0.0153169865647535,0.0142767022168589,1.21396936144396,0.00123953915802644,0.0087513410724162,0.00795065331662512,0.70608703807916,0.00292648477365566,0.00834794080377791,0.00762059812095763,1.53190604327839,0.00149624736298684,0.00648129762749272,0.00556692400010994,2.1290945224872,0.00116619315096327,0.00469044482096824,0.00411835012046262,0.937677025963808,-7.33570500801495e-06,0.00292037301807269,0.00243140266870571,1.30056223631468,-0.000190699126986813,0.00302305678969107,0.00296315790833999,4.03713764301256,-0.000814135880887012,0.00265021691214221,0.00274312098007756,1.17352741723291,-0.000227371584054025,0.00216735919999208,0.00206467573730945,1.66628211044455
"RC105",14629.44,15559.6000041962,16324.7300039291,16573.8500044346,288.644266666667,300.0985,98.21,15581.7000041008,16323.1100034793,16569.0500016212,362.772666666667,385.09,95.757,15552.3000020981,15922.7100038211,15620.1500070095,272.309966666667,266.6945,73.463,15536.700003624,15748.5200040023,15589.3000049591,335.115633333333,352.995,90.827,15556.0000009537,15648.0400035302,15582.1500036716,332.6953,338.3225,177.869,15547.7000026703,15571.280003341,15568.6500020027,368.571966666667,399.732,137.771,15543.1000037193,15567.7500038147,15565.150001049,356.521266666667,360.337,168.275,15543.4000034332,15565.5900035063,15564.3500044345,341.005933333333,358.5365,168.314,15536.9000034332,15559.9400038878,15559.350004673,387.012333333333,408.986,118.859,15543.6000032425,15561.9466701825,15561.3500034809,400.466833333333,425.181,163.875,0.0635813813923294,0.115882084613569,0.132910761070458,1.93905169195262,0.0650920338783165,0.115771348970248,0.132582655359416,2.78847151296163,0.0630823874391706,0.0884018803058119,0.0677202959928404,2.70676349545576,0.0620160446075858,0.0764950677539436,0.0656115343416493,2.68960367878861,0.0633353020316362,0.069626725529493,0.0651227937413632,0.870451287183264,0.0627679530228293,0.064379771429463,0.0641999968558433,1.67525071797887,0.0624535186390798,0.0641384771949366,0.0639607531832387,1.11868231565394,0.0624740252144443,0.0639908296904283,0.0639060691615365,1.02601051209842,0.0620297156578242,0.063604622178827,0.0635642925958205,2.25606250543361,0.0624876962646895,0.0637417884883187,0.0637010031471403,1.4437335367404
"RC205",5297.65,5337.40000247955,5481.46000351906,5441.15000224113,98.3889666666667,108.868,8.097,5366.10000324249,5409.1466708978,5402.35000538826,116.772533333333,115.963,60.373,5322.50000572205,5380.33333732287,5380.55000281334,112.3765,111.885,49.148,5315.20000505447,5363.99000349045,5363.00000286102,131.0466,135.5415,47.969,5344.90000581741,5371.80333704948,5371.05000543595,118.1785,125.086,69.025,5317.80000257492,5350.90000319481,5352.45000386238,137.330733333333,139.4975,94.189,5331.00000143051,5347.50333635012,5344.25000023842,128.0397,137.521,30.948,5313.5000038147,5343.45333692233,5343.2000041008,123.7525,127.3245,50.523,5309.40000247955,5333.36666997274,5335.79999995231,135.7317,149.0865,64.687,5305.20000219345,5337.58333684603,5337.05000257492,156.504366666667,165.795,96.886,0.00750332741490094,0.0346965170441723,0.0270874826085406,11.1512864847063,0.0129208239960153,0.0210464396284773,0.0197634810507037,0.934184707291891,0.00469076019028264,0.0156075500123396,0.0156484484277632,1.28649182062342,0.00331279058723596,0.0125225342350757,0.0123356588036252,1.73190185328024,0.00891905011040934,0.0139974020649693,0.0138552009732515,0.71211155378486,0.00380357376854268,0.0100516272677148,0.0103442099539193,0.458033669890681,0.0062952443877021,0.00941046244091714,0.00879635314496442,3.13725281116712,0.00299189335171262,0.00864597263358803,0.00859815278487544,1.44942897294302,0.00221796503724292,0.00674198370461199,0.00720130623055786,1.09828404470759,0.00142516062658922,0.007537934149299,0.00743726040318274,0.615345526357437
"C105",10828.94,10827.3000018597,10847.1600019853,10827.3000018597,12.8698333333333,9.199,1.35,10827.3000018597,10843.9366689682,10827.3000018597,17.2105333333333,12.748,1.685,10827.3000018597,10827.5866684755,10827.3000018597,11.0402,5.5335,0.947,10827.3000018597,10827.3233352185,10827.3000018597,9.71143333333333,9.0455,1.406,10827.3000018597,10827.3000018597,10827.3000018597,5.74746666666667,5.1995,0.918,10827.3000018597,10827.3000018597,10827.3000018597,3.72743333333333,2.7065,0.892,10827.3000018597,10827.3000018597,10827.3000018597,3.93986666666667,3.3145,1.069,10827.3000018597,10827.3000018597,10827.3000018597,3.09476666666667,2.5525,1.341,10827.3000018597,10827.3233352185,10827.3000018597,3.3566,2.8425,1.692,10827.3000018597,10827.3000018597,10827.3000018597,4.75643333333333,3.712,1.49,-0.000151445860841507,0.00168252866718767,-0.000151445860841507,8.53320987654321,-0.000151445860841507,0.00138486952261496,-0.000151445860841507,9.21396636993076,-0.000151445860841507,-0.000124973591551933,-0.000151445860841507,10.6580781414995,-0.000151445860841507,-0.000149291138517446,-0.000151445860841507,5.90713608345187,-0.000151445860841507,-0.000151445860841507,-0.000151445860841507,5.26085693536674,-0.000151445860841507,-0.000151445860841507,-0.000151445860841507,3.17873692077728,-0.000151445860841507,-0.000151445860841507,-0.000151445860841507,2.68556283130652,-0.000151445860841507,-0.000151445860841507,-0.000151445860841507,1.3078051205568,-0.000151445860841507,-0.000149291138517446,-0.000151445860841507,0.983806146572104,-0.000151445860841507,-0.000151445860841507,-0.000151445860841507,2.19223713646532
"C204",3590.6,3594.00000309944,3705.41666886012,3688.00000166893,66.0599333333333,68.3205,8.708,3588.70000290871,3681.21666943232,3693.95000219345,86.3645333333333,90.7105,12.035,3588.10000300407,3641.27666965326,3646.70000338554,82.6684,80.3695,36.002,3588.10000300407,3612.61000308196,3594.00000309944,105.602433333333,107.7245,49.418,3588.10000300407,3609.220003136,3595.35000288486,82.7158333333333,84.473,47.198,3588.10000300407,3593.92666986783,3594.00000309944,97.7514666666667,98.638,15.539,3588.10000300407,3593.35666975975,3591.40000343323,109.488633333333,106.405,60.95,3588.10000300407,3589.96666971048,3588.70000290871,100.581366666667,107.935,25.431,3588.10000300407,3590.6600030899,3590.05000317097,108.8086,123.106,25.756,3588.10000300407,3589.63000311851,3588.10000300407,127.006,131.0495,31.743,0.000946917813022964,0.0319770146661052,0.0271263860271069,6.58612004287245,-0.000529158661864329,0.0252371941826775,0.0287834908353618,6.17611411161889,-0.000696261626449592,0.0141137051337539,0.0156241306148122,1.29621687684018,-0.000696261626449592,0.00612989558345602,0.000946917813022964,1.13692244391382,-0.000696261626449592,0.0051857636985458,0.00132289948333563,0.752528355721288,-0.000696261626449592,0.000926494142436657,0.000946917813022964,5.29071797841989,-0.000696261626449592,0.00076774627074885,0.000222804944363032,0.796368061252392,-0.000696261626449592,-0.000176385642935347,-0.000529158661864329,2.95506927241031,-0.000696261626449592,1.67111596680381e-05,-0.000153176858750649,3.22459232800124,-0.000696261626449592,-0.00027014896716041,-0.000696261626449592,3.00107110229027
"R108",9960.88,10001.7999992371,10958.0466656248,10984.0499981642,275.0323,296.1815,136.726,10954.6999982595,10984.5399997632,10984.900000155,321.441633333333,338.369,123.954,9997.49999856949,10938.1566662709,10971.1499979496,250.776166666667,251.431,105.373,9979.10000109673,10868.4599998116,10966.3000004888,331.693066666667,337.1415,199.825,9987.19999599457,10804.8299988548,10964.6499958039,320.2055,322.1145,165.351,9974.40000188351,10668.5133332292,10954.9999991655,381.3755,412.9185,156.929,9966.19999814034,10602.8266661525,10951.6000013352,360.168633333333,384.276,140.412,9966.79999923706,10337.2933316231,9984.89999687672,322.494133333333,336.8415,81.752,9961.79999732971,10406.2199994922,10005.6000000835,382.447366666667,429.7375,112.139,9961.29999709129,10243.5999989033,9989.3499981165,409.628,425.1835,188.908,0.00410807069627396,0.100108290193716,0.10271883590247,1.01155815280195,0.099772309099146,0.102768028503824,0.10280416992826,1.5932332424394,0.00367638186279637,0.0981114787318882,0.101423769581563,1.37989016794308,0.00182915576703363,0.0911144396691499,0.100936865065009,0.659917761374536,0.00264233641953025,0.08472644975693,0.100771216579645,0.936519887995839,0.00135730998501249,0.071041246679935,0.0998024270110222,1.43024233889211,0.00053408917087058,0.0644467824281062,0.0994610919251263,1.56508441823586,0.000594324922804145,0.037789164373337,0.00241143321440687,2.94478585641126,9.2361049396328e-05,0.0447089011705965,0.00448956317950331,2.41047598664752,4.21646572682833e-05,0.0283830343205898,0.00285818101578333,1.168399432528
"R207",2890.61,3825.69999825954,3886.22999879519,3886.54999971389,115.8146,124.645,59.173,3830.69999670982,3867.01666549047,3866.39999955892,134.0075,136.0035,106.072,2915.40000021458,3828.58999918302,3859.84999853372,111.2975,119.498,65.037,2901.49999833107,3783.97666509946,3841.49999719858,137.934266666667,142.141,97.536,2955.50000059605,3812.92999807596,3839.69999772311,106.715166666667,114.8195,49.097,3814.89999592304,3835.25666449467,3833.34999930859,143.421766666667,145.8605,79.624,2895.80000090599,3801.24333159924,3831.49999862909,134.4837,135.6975,63.632,2926.39999687672,3799.95666457415,3830.89999806881,140.556433333333,143.3375,69.034,2905.80000138283,3706.86666516066,3824.34999901056,150.533733333333,150.066,80.852,2906.10000002384,3587.77333173355,3820.39999884367,144.622466666667,140.8955,13.678,0.323492272655093,0.344432489611255,0.344543193206242,0.957220353877613,0.325222010824642,0.337785680354828,0.337572346168776,0.26336356437137,0.00857604457695081,0.324492061946447,0.335306388109681,0.711295108937989,0.00376737032358908,0.309058179795774,0.328958246597979,0.414188265529309,0.0224485491284019,0.319074519937301,0.328335540845394,1.17355778696594,0.319756036242537,0.326798379751912,0.326138773237685,0.801237901470244,0.00179546908991182,0.315031544068289,0.325498769681517,1.11346020870003,0.0123814685747021,0.314586424517367,0.325291200843009,1.03604648916959,0.00525494666621575,0.282382149498084,0.323025243464378,0.861843038308679,0.0053587305184165,0.24118207981483,0.321658749829161,9.57336355217624
"RC104",11135.48,11177.0000026226,11601.503335309,11212.5999994278,110.0792,100.7045,30.561,11153.4000048637,11386.9733370384,11186.7000032663,133.069433333333,137.61,23.398,11144.7000002861,11175.6266695976,11174.4500024319,146.4091,143.5665,82.041,11135.0000004768,11157.6433361689,11156.4500029087,168.438233333333,174.119,51.758,11138.6000027657,11158.750003616,11159.3000047207,187.7995,193.7125,60.118,11135.1000022888,11152.0566693385,11152.3000018597,246.8197,268.661,59.184,11133.3000049591,11146.570003136,11146.150000453,293.586933333333,314.307,78.893,11135.0999994278,11145.5933355252,11145.5000042915,271.483,288.4445,102.09,11134.4000034332,11145.7766695182,11146.5500047207,334.4443,351.8765,101.546,11134.6999998093,11143.9433361689,11143.9500041008,310.105133333333,298.905,167.062,0.00372862262090194,0.0418503140689972,0.00692561069911665,2.60195019796473,0.00160927098460967,0.0225848672027032,0.00459971220516309,4.68721400689518,0.000827984091040612,0.00360529313488414,0.00349962484166817,0.784584536999793,-4.31054182845091e-05,0.00199033505236661,0.00188317009313472,2.25434200188055,0.000280185745535856,0.00208971715777109,0.00213910893115512,2.12384809873915,-3.41249511650503e-05,0.00148863536538617,0.00151048736647642,3.17037881859962,-0.000195770190499233,0.000995916039181696,0.00095819851977637,2.72133057854731,-3.41252080914964e-05,0.000908208314792366,0.000899826885913262,1.65925164070918,-9.69869791692239e-05,0.000924672265421254,0.000994120120614398,2.29352510192425,-7.00463914173314e-05,0.000760033350060371,0.000760632150639218,0.85622782759295
"RC204",3798.46,3826.20000100136,3895.63666882515,3883.45000362396,67.0007333333333,71.21,22.274,3815.6000020504,3867.24333612124,3871.25000584126,92.0338333333333,96.261,34.214,3818.40000128746,3854.48333570957,3856.7000027895,83.7397666666667,85.5235,51.693,3800.20000290871,3842.95666795572,3846.20000040532,89.2406666666667,90.989,39.183,3802.00000309944,3843.00666893323,3842.95000195503,97.5563333333333,99.142,40.371,3802.1000020504,3829.4400021553,3828.25000035763,114.273933333333,112.71,62.623,3800.40000128746,3821.64666885535,3823.10000312329,122.3611,127.5425,29.07,3803.60000395775,3817.67000242869,3817.45000243187,122.217333333333,120.374,80.212,3801.0000026226,3817.17000187238,3816.95000052452,131.776133333333,135.1235,84.613,3799.40000224113,3815.0633351024,3813.90000224113,133.190033333333,139.5905,32.935,0.00730295988410035,0.0255831755040592,0.0223748581330224,2.00802430337314,0.0045123555468268,0.0181082165196531,0.01916303076543,1.68994661054929,0.00524949618726006,0.0147489602916898,0.0153325302331735,0.619944028527396,0.000458081145703736,0.0117143968755014,0.0125682514506708,1.27753532569397,0.000931957451030188,0.0117275603621553,0.011712641953589,1.41649533906352,0.000958283633472445,0.00815593744709796,0.00784265211628663,0.82479174318275,0.000510733636120911,0.00610422878096639,0.00648684022558752,3.20918816649467,0.00135318101487175,0.00505731333979827,0.00499939513167703,0.523678917535198,0.000668692739320616,0.00492568090025442,0.00486776233645212,0.557398193343025,0.000247469301014111,0.00437107014484776,0.00406480580054406,3.04402712413339
"C104",10824.78,10822.9,10852.6566666667,10843.55,143.231366666667,142.392,40.856,10822.9,10844.53,10827.8,177.1959,172.7675,87.934,10822.9,10828.5666666667,10826.15,178.749933333333,180.6335,55.82,10822.9,10825.7866666667,10826,182.5965,172.654,74.348,10822.9,10824.5966666667,10823.9,213.499233333333,201.2005,94.728,10822.9,10823.7933333333,10823.8,221.3492,232.213,98.4,10822.9,10823.46,10823.6,267.606933333333,270.836,140.222,10822.9,10823.6066666667,10823.8,235.071066666667,223.5435,139.859,10822.9,10823.7666666667,10823.85,256.5884,257.0365,107.49,10822.9,10823.6133333333,10823.8,240.728866666667,221.2065,117.275,-0.000173675585092817,0.00257526403923823,0.00173398443201604,2.50576088375432,-0.000173675585092817,0.00182451744977727,0.00027898950371265,1.01510109855119,-0.000173675585092817,0.000349814653661787,0.000126561463604709,2.20225606114893,-0.000173675585092817,9.29965012375499e-05,0.000112704369049472,1.45597057082907,-0.000173675585092817,-1.69364489009757e-05,-8.12949547243472e-05,1.25381337443347,-0.000173675585092817,-9.11488886303083e-05,-9.05330177612277e-05,1.2494837398374,-0.000173675585092817,-0.000121942432086521,-0.000109009143834821,0.908451835898314,-0.000173675585092817,-0.00010839327296574,-9.05330177612277e-05,0.68077182495704,-0.000173675585092817,-9.36123721067985e-05,-8.59139862428714e-05,1.38709089217602,-0.000173675585092817,-0.00010777740209666,-9.05330177612277e-05,1.05268698927023
"C203",3591.17,3588.7,3651.29,3648.3,22.7016333333333,16.62,0.661,3588.7,3620.64,3597.7,30.3253,31.9085,5.256,3588.7,3618.68666666667,3588.7,26.403,29.0515,4.779,3588.7,3596.86333333333,3588.7,27.4143333333333,22.7465,3.25,3588.7,3590.2,3588.7,18.1009,14.6775,5.349,3588.7,3589,3588.7,18.8991333333333,14.398,3.016,3588.7,3588.72666666667,3588.7,16.5900666666667,17.272,1.278,3588.7,3588.72666666667,3588.7,17.4598,17.846,3.522,3588.7,3588.72666666667,3588.7,14.8607666666667,15.069,2.66,3588.7,3588.71333333333,3588.7,10.9250666666667,8.6665,2.128,-0.000687798127072863,0.0167410621051078,0.0159084643723355,33.3443772062531,-0.000687798127072863,0.00820623919224091,0.00181834889464986,4.76965372907154,-0.000687798127072863,0.00766231246826701,-0.000687798127072863,4.5247959824231,-0.000687798127072863,0.00158537004188973,-0.000687798127072863,7.43517948717949,-0.000687798127072863,-0.000270106956785742,-0.000687798127072863,2.3839783137035,-0.000687798127072863,-0.000604259893015389,-0.000687798127072863,5.26629089301503,-0.000687798127072863,-0.000680372506267766,-0.000687798127072863,11.9812728221179,-0.000687798127072863,-0.000680372506267766,-0.000687798127072863,3.95735377626349,-0.000687798127072863,-0.000680372506267766,-0.000687798127072863,4.58675438596491,-0.000687798127072863,-0.000684085316670315,-0.000687798127072863,4.13395989974937
"R107",11104.66,12084.1,12141.5133333333,12133.3,133.956566666667,135.914,64.719,12089.9,12127.2966666667,12118.65,153.324533333333,154.9385,77.2,12068.3,12108.07,12102.1,177.286433333333,186.8695,52.599,12074.7,12096,12096.25,190.663433333333,194.117,69.414,12080,12096.7766666667,12094.75,263.0586,268.292,90.285,11138,12027.6933333333,12091.55,290.514866666667,308.877,115.113,11130.5,11992.3766666667,12085.15,302.296133333333,321.1385,72.591,11125.7,11957.8333333333,12083.7,311.727866666667,336.377,149.693,11113.2,11957.19,12082.1,355.5821,388.4105,114.529,11125.3,11799.88,12076.8,355.574866666667,364.746,212.966,0.0882008093899318,0.0933710112091079,0.0926313817802616,1.06981823987804,0.0887231126391983,0.0920907678998427,0.0913121158144418,0.98606908462867,0.0867779832971022,0.0903593626459522,0.089821750508345,2.37052859053087,0.0873543179169827,0.0892724315737718,0.0892949446448608,1.74675761853997,0.087831595024071,0.0893423721812885,0.0891598662183264,1.91364678518026,0.00300234316043896,0.0831212602036742,0.0888716989083862,1.52373638656509,0.00232695102776673,0.0799409136944911,0.0882953642885059,3.16437483067231,0.00189470006285657,0.0768302076185434,0.0881647884761894,1.08244785438642,0.000769046508402857,0.0767722739822742,0.0880207048212193,2.10473417213108,0.00185867914911392,0.0626061491301849,0.0875434277141308,0.669632085246784
"R206",3906.14,3938.8,3985.17666666667,3979.85,63.8195,65.5345,30.289,3919.2,3973.42666666667,3970.5,73.1744,75.1105,39.86,3923.8,3960.29666666667,3959.55,78.2157,81.925,45.812,3910.7,3950.86333333333,3951.6,81.2351666666667,84.666,32.945,3916,3952.17,3952.35,84.0425,84.1745,38.074,3918.3,3941.05,3942.3,105.801133333333,104.064,63.575,3911.5,3931.05333333333,3932.8,121.325533333333,126.001,87.164,3911,3933.39,3935.75,120.598833333333,128.5925,35.617,3911.9,3928.64,3927.25,128.8885,128.564,68.747,3906.4,3926.76333333333,3927.65,117.291566666667,125.8985,47.78,0.00836119545126399,0.0202339564548805,0.0188702913874055,1.10701904982007,0.0033434541516689,0.0172258717472151,0.0164766239817314,0.835785248369293,0.00452108731381884,0.0138644970909048,0.0136733450413964,0.70731904304549,0.00116739287378331,0.0114494957511337,0.0116380877285504,1.46578135275965,0.00252423108234731,0.0117840118377734,0.0118300931354228,1.20734622051794,0.00311304766342228,0.00893721167188076,0.00925722068333452,0.664193996591952,0.00137219864111377,0.00637799293761448,0.00682515219628593,0.39192250623346,0.00124419503653226,0.00697619644969202,0.00758037346331676,2.3859907721968,0.00147460152477899,0.00576016220616773,0.00540431218543117,0.874823628667433,6.65618743824385e-05,0.00527972201030517,0.00550671506909629,1.45482558950746
"RC103",12261.67,12300.5,13142.4266666667,13336.15,116.3762,119.049,50.084,12293.9,13003.11,13326.5,140.126033333333,151.7405,21.89,12275.8,12722.7733333333,12365.15,166.0407,162.2235,42.242,12272.4,12457.45,12330.95,154.854333333333,155.318,49.548,12274.8,12447.0233333333,12321.65,207.813633333333,218.368,76.911,12261.3,12296.3466666667,12291.9,260.542766666667,266.7605,77.95,12264.1,12290.0166666667,12286.05,295.037666666667,314.8805,113.129,12263,12292.3366666667,12285.7,304.235566666667,317.1735,175.304,12267.8,12286.4466666667,12281.4,350.274566666667,375.093,170.806,12265.2,12281.2866666667,12276.35,292.833633333333,310.2265,131.453,0.00316677907658581,0.0718300742612276,0.0876291728614454,1.32362031786598,0.00262851634402162,0.06046810915642,0.0868421675024691,5.40137201157302,0.00115237157744412,0.0376052636658247,0.00843930720693033,2.93070167132238,0.000875084715214124,0.0159668299668806,0.00565012759273416,2.12533973789726,0.0010708166179647,0.0151164835893751,0.00489166646957548,1.7020014475606,-3.01753350074501e-05,0.00282805414488127,0.00246540642506278,2.34243446653838,0.00019817855153501,0.00231181125137655,0.00198830991210815,1.60797555592878,0.000108468096107621,0.00250101875736878,0.00195976567629048,0.735474185795342,0.000499931901608769,0.00202066004603505,0.00160907935052904,1.05071582184857,0.0002878890069624,0.00159983645512127,0.00119722680515789,1.22766793708271
"RC203",4049.62,4082.8,4185.37333333333,4183.25,57.0550666666667,60.6715,32.892,4092.6,4154.86666666667,4146.6,65.1273,69.5725,24.551,4075.9,4130.89666666667,4128.3,65.4529333333333,70.6315,36.41,4082.5,4112.19333333333,4109.1,68.9835333333333,70.4935,22.408,4050,4106.44333333333,4108.3,76.5495333333333,76.1155,46.358,4073.2,4099.84,4097.7,92.1924333333333,91.004,30.858,4068,4093.61333333333,4095.2,106.411766666667,111.113,48.173,4050.8,4090.25666666667,4090.45,109.873266666667,113.3105,68.985,4074.7,4089.32333333333,4088.6,112.5851,122.0685,37.4,4070.4,4085.91666666667,4086.95,113.118633333333,104.6415,70.439,0.00819336135242326,0.0335224868835429,0.0329981578518479,0.73461834691313,0.0106133414987085,0.0259892697751065,0.02394792597824,1.65273512280559,0.00648949778003867,0.0200701958866922,0.0194289834601766,0.797663645518631,0.00811928032753693,0.0154516555462818,0.0146877978674543,2.07852255146971,9.38359648559888e-05,0.0140317692359613,0.0144902484677575,0.651269108532148,0.00582276855606203,0.0124011635659643,0.0118727189217756,1.98763475705922,0.00453869745803313,0.0108635707383244,0.011255377047723,1.20895038022682,0.000291385364552795,0.0100346863820968,0.0100824274870235,0.592712425406489,0.00619317368049346,0.00980421208245055,0.00962559450022472,2.01029679144385,0.00513134565712343,0.00896298088874181,0.00921814886335012,0.605909131778324
"C103",10828.06,10826.3,10856.44,10831.25,179.1191,194.542,52.647,10826.3,10838.5133333333,10827.3,165.3824,181.8965,9.154,10826.3,10831.02,10827.3,164.106866666667,171.4225,69.884,10826.3,10827.47,10827.3,169.854433333333,171.551,87.353,10826.3,10827.2066666667,10827.3,96.5838,91.708,61.007,10826.3,10827.1666666667,10827.3,92.8885,84.7315,43.751,10826.3,10827.2,10827.3,88.6638,91.6735,37.543,10826.3,10827.3266666667,10827.3,92.3079666666667,90.329,49.088,10826.3,10827.26,10827.3,80.5022,75.3125,42.508,10826.3,10827.22,10827.3,89.5082,93.651,29.875,-0.000162540658252745,0.00262096811432528,0.000294604943083111,2.40226603605144,-0.000162540658252745,0.000965393000531297,-7.01880115182423e-05,17.0666812322482,-0.000162540658252745,0.000273363834334048,-7.01880115182423e-05,1.34827523705951,-0.000162540658252745,-5.44880615733701e-05,-7.01880115182423e-05,0.94446021697404,-0.000162540658252745,-7.88075918802053e-05,-7.01880115182423e-05,0.583159309587424,-0.000162540658252745,-8.25016977494981e-05,-7.01880115182423e-05,1.12311718589289,-0.000162540658252745,-7.94232761917261e-05,-7.01880115182423e-05,1.36165996324215,-0.000162540658252745,-6.77252742719911e-05,-7.01880115182423e-05,0.880458903737505,-0.000162540658252745,-7.3882117387535e-05,-7.01880115182423e-05,0.893812929330949,-0.000162540658252745,-7.75762232569958e-05,-7.01880115182423e-05,1.99609037656904
"C202",3591.56,3589.1,3615.43,3589.1,11.4542666666667,10.867,0.304,3589.1,3595.03,3589.1,9.9531,7.3685,1.132,3589.1,3591.07666666667,3589.1,8.09276666666667,6.7015,1.07,3589.1,3589.1,3589.1,4.81153333333333,4.8715,0.295,3589.1,3589.1,3589.1,4.28736666666667,4.1545,0.381,3589.1,3589.1,3589.1,2.89503333333333,2.417,0.383,3589.1,3589.1,3589.1,2.24703333333333,1.8175,0.533,3589.1,3589.1,3589.1,2.4823,1.9355,0.625,3589.1,3589.1,3589.1,2.55533333333333,2.353,0.803,3589.1,3589.1,3589.1,1.60893333333333,1.3455,0.635,-0.000684939135083372,0.00664613705465032,-0.000684939135083372,36.6785087719298,-0.000684939135083372,0.000966153983227288,-0.000684939135083372,7.79249116607774,-0.000684939135083372,-0.000134574762313194,-0.000684939135083372,6.56333333333333,-0.000684939135083372,-0.000684939135083372,-0.000684939135083372,15.3102824858757,-0.000684939135083372,-0.000684939135083372,-0.000684939135083372,10.2529308836395,-0.000684939135083372,-0.000684939135083372,-0.000684939135083372,6.55883376849434,-0.000684939135083372,-0.000684939135083372,-0.000684939135083372,3.21582238899312,-0.000684939135083372,-0.000684939135083372,-0.000684939135083372,2.97168,-0.000684939135083372,-0.000684939135083372,-0.000684939135083372,2.18223329182233,-0.000684939135083372,-0.000684939135083372,-0.000684939135083372,1.5337532808399
"R106",13252.03,13296.5,14191,14283.8,336.008266666667,372.1105,108.587,13263.3,14050.25,14274.05,396.416166666667,401.3365,301.421,13270.7,14010.9433333333,14267.5,300.660166666667,300.5,123.353,13256.5,13584.89,13305.1,359.446666666667,391.5955,93.858,13263.4,13646.9966666667,13316.1,326.340633333333,316.8305,128.82,13257.3,13445.1366666667,13283.2,361.633266666667,386.367,185.59,13260.8,13309.6566666667,13276.6,336.696366666667,360.737,149.673,13258.6,13275.5533333333,13273.2,361.163566666667,370.6245,228.719,13258.5,13273.4666666667,13270.25,357.453633333333,375.2215,144.768,13256.6,13271.6,13269.05,374.010833333333,397.114,111.365,0.00335571229464462,0.0708548048864966,0.0778575056048016,2.09436918477043,0.000850435744561295,0.0602337905966104,0.0771217692685572,0.315157758307041,0.00140884075873659,0.0572677041429375,0.0766275053708752,1.43739646921167,0.000337306812616584,0.0251176612186962,0.00400466947328067,2.82968597952936,0.000857981758266392,0.0298042387971251,0.00483473098083839,1.53330719867515,0.000397674922257089,0.0145718555320707,0.00235209247187035,0.9485600876484,0.000661785401934543,0.00434851616444161,0.00185405556733556,1.24954645571791,0.000495773100423083,0.0017750739572226,0.00159749110136334,0.579071116377156,0.000488227086717985,0.00161761380457685,0.00137488369706372,1.46914810823755,0.000344852826321681,0.00147675488208219,0.00128433153260283,2.35842350229725
"R205",3994.43,4063.4,4121.70333333333,4114,56.5249,59.5475,7.872,4063.8,4103.87666666667,4102.35,78.7813666666667,81.3025,23.394,4030.2,4071.65333333333,4073.05,79.7473,83.4595,29.574,4022.4,4058,4058.4,86.6320333333333,92.763,28.288,4022.8,4055.93666666667,4057.2,74.3148,71.9725,30.44,4009.7,4046.05666666667,4044.6,94.5808,97.6705,24.687,4023.4,4043.69666666667,4045.65,99.6477666666667,106.0655,36.028,4017.7,4041.17666666667,4040.2,97.5597333333333,101.413,52.869,4015.8,4039.37,4041.4,108.9015,112.181,59.172,4018.9,4037.69333333333,4038,118.352333333333,128.568,36.122,0.0172665436620495,0.0318627021460717,0.0299341833503154,6.18050050813008,0.0173666831062255,0.0273998209172941,0.027017622038689,2.36758855547006,0.00895496979544015,0.0193327541935479,0.0196824077527959,1.69653411780618,0.00700225063400792,0.0159146611656732,0.0160148006098492,2.06250117835596,0.00710239007818396,0.0153981085327986,0.0157143822773212,1.44135348226018,0.00382282328141937,0.0129246642616511,0.0125599897857768,2.83119860655406,0.00725259924444796,0.0123338415410126,0.0128228558267388,1.76584230783465,0.00582561216493967,0.0117029630427037,0.0114584558998405,0.845310736600528,0.00534994980510369,0.0112506665531753,0.0117588742323686,0.840422835124721,0.00612603049746779,0.0108309153830042,0.0109076889568725,2.27646125168411
"RC102",13554.75,14518.1,15374.1466666667,15525.2,310.830033333333,341.7535,104.539,14474.3,15099.09,15502.35,363.3353,387.4085,133.786,14507.1,14956.71,14557.5,271.2612,276.5275,118.13,14505.8,14693.9333333333,14523.85,337.456933333333,370.6615,123.192,14508,14695.4733333333,14536,344.3289,364.1995,165.763,14500.6,14527.89,14520.85,330.814833333333,356.5745,140.96,14493.2,14518.06,14514.35,326.9799,345.2645,124.623,14494.4,14509.9066666667,14508.7,328.198533333333,352.6045,134.662,14480.1,14511.6466666667,14509.7,342.649466666667,373.202,71.181,13554.2,14476.41,14507.45,396.2218,425.4995,174.015,0.0710710267618363,0.134225763416269,0.145369704347185,1.97334041203124,0.0678396871945258,0.113933491949317,0.143683948431362,1.71579462724052,0.0702595031262104,0.103429425109279,0.0739777568748963,1.29629391348514,0.0701635957874545,0.0840431091191894,0.0714952322986407,1.73927635993679,0.0703259005145798,0.0841567224281771,0.0723915970416275,1.07723617453835,0.0697799664324315,0.0717932827975433,0.0712739076707428,1.34687027052592,0.0692340323502832,0.0710680757667976,0.0707943709769637,1.62375243735105,0.0693225622014423,0.0704665646114215,0.070377542927756,1.43720227928691,0.0682675814751287,0.0705949328956025,0.070451317803722,3.81377708470893,-4.05761817812407e-05,0.0679953521828141,0.0702853243327985,1.27694049363561
"RC202",4365.65,5219.7,5320.63,5319.45,99.2183,113.906,11.358,5190.5,5264.27,5261.35,142.535366666667,145.44,93.362,5185.9,5250.99666666667,5250.6,111.6333,106.2395,72.766,5196.8,5233.94666666667,5234.5,143.586966666667,149.133,94.9,5194.7,5228.09666666667,5228.3,120.583666666667,123.345,75.525,4446.2,5192.68333333333,5216.95,139.136533333333,147.5785,73.845,5169.7,5198.25,5197.45,142.312433333333,146.6735,53.981,5169.6,5197.42666666667,5190.25,133.969066666667,140.268,67.32,5158.4,5197.29333333333,5198.25,136.656366666667,145.167,57.764,5161.9,5190.94666666667,5188.2,157.478433333333,165.9645,106.483,0.195629516795895,0.218748639950523,0.218478348012324,7.7355432294418,0.188940936630284,0.205838763987035,0.205169905970474,0.526695729168898,0.187887256193236,0.202798361450567,0.202707500601285,0.534140944946816,0.190384020707111,0.198892872004551,0.199019619071616,0.513034422198806,0.189902992681502,0.197552865361783,0.197599441091246,0.596605980359704,0.0184508606965744,0.189441053069608,0.194999599143312,0.884169995711738,0.184176468567109,0.190716159105746,0.190532910334086,1.63634303427749,0.184153562470652,0.190527565578245,0.18888367138914,0.99003367003367,0.181588079667404,0.190497024116302,0.190716159105746,1.36577049142488,0.182389793043419,0.189043250527795,0.18841409641176,0.478906805155126
"C102",10828.94,10827.3,10868.6166666667,10836.25,79.8297333333333,89.942,4.756,10827.3,10852.8166666667,10827.3,81.8188666666667,86.462,12.751,10827.3,10831.01,10827.3,56.7112,51.5725,6.668,10827.3,10827.3533333333,10827.3,66.4626333333333,66.154,28.983,10827.3,10827.43,10827.3,37.2653333333333,32.4005,13.217,10827.3,10827.49,10827.3,32.7177333333333,32.4335,7.445,10827.3,10827.4433333333,10827.3,35.1960666666667,36.781,16.547,10827.3,10827.45,10827.3,27.4588,27.0695,3.488,10827.3,10827.39,10827.3,30.3233666666667,28.509,10.18,10827.3,10827.3233333333,10827.3,34.4988333333333,32.403,9.433,-0.000151446032575786,0.00366394741005733,0.000675042986663468,15.7850574712644,-0.000151446032575786,0.00220489416938917,-0.000151446032575786,5.41666274540559,-0.000151446032575786,0.000191154443555852,-0.000151446032575786,7.50497900419916,-0.000151446032575786,-0.000146520958345688,-0.000151446032575786,1.29315920827152,-0.000151446032575786,-0.000139441164139816,-0.000151446032575786,1.81950013871025,-0.000151446032575786,-0.000133900455630997,-0.000151446032575786,3.39459144839937,-0.000151446032575786,-0.000138209895582375,-0.000151446032575786,1.12703611933684,-0.000151446032575786,-0.000137594261303655,-0.000151446032575786,6.8723623853211,-0.000151446032575786,-0.000143134969812474,-0.000151446032575786,1.97871971185331,-0.000151446032575786,-0.000149291312600181,-0.000151446032575786,2.65724937276936
"C201",3591.56,3589.1,3593.05333333333,3589.1,1.97583333333333,0.6805,0.203,3589.1,3589.1,3589.1,0.864933333333333,0.41,0.192,3589.1,3589.1,3589.1,0.580933333333333,0.4195,0.283,3589.1,3589.1,3589.1,0.5033,0.4765,0.328,3589.1,3589.1,3589.1,0.4655,0.4635,0.35,3589.1,3589.1,3589.1,0.539866666666667,0.533,0.406,3589.1,3589.1,3589.1,0.5712,0.5685,0.476,3589.1,3589.1,3589.1,0.601233333333333,0.5945,0.505,3589.1,3589.1,3589.1,0.647633333333333,0.649,0.483,3589.1,3589.1,3589.1,0.751066666666667,0.7595,0.509,-0.000684939135083372,0.00041578961045711,-0.000684939135083372,8.73316912972085,-0.000684939135083372,-0.000684939135083372,-0.000684939135083372,3.50486111111111,-0.000684939135083372,-0.000684939135083372,-0.000684939135083372,1.0527679623086,-0.000684939135083372,-0.000684939135083372,-0.000684939135083372,0.534451219512195,-0.000684939135083372,-0.000684939135083372,-0.000684939135083372,0.33,-0.000684939135083372,-0.000684939135083372,-0.000684939135083372,0.329720853858785,-0.000684939135083372,-0.000684939135083372,-0.000684939135083372,0.2,-0.000684939135083372,-0.000684939135083372,-0.000684939135083372,0.19056105610561,-0.000684939135083372,-0.000684939135083372,-0.000684939135083372,0.340855762594893,-0.000684939135083372,-0.000684939135083372,-0.000684939135083372,0.475573018991487
"R105",15377.11,15399.8,15991.9666666667,16388.95,238.251066666667,262.291,44.826,15392.5,15681.85,15427.35,307.182833333333,320.127,192.231,15383.5,15609.7133333333,15411.95,215.344733333333,203.8035,81.674,15370.4,15436.1966666667,15402.55,294.935266666667,304.6715,131.49,15377.3,15399.3533333333,15397.8,283.6845,295.223,130.551,15378.5,15394.92,15392.75,313.1873,339.27,83.946,15377.1,15390.2566666667,15390.9,316.5178,327.145,161.015,15372.3,15388.2466666667,15389.35,316.660266666667,359.223,44.795,15375.9,15387.5633333333,15385.85,364.533133333333,363.529,214.421,15373.4,15386.7766666667,15386.15,377.999566666667,397.3855,111.228,0.00147556985675453,0.0399851901083277,0.0658017013600082,4.31501955710228,0.00100083825894459,0.0198177680981667,0.00326719390054425,0.597988010952101,0.000415552727398023,0.0151265961766114,0.00226570532434249,1.6366375264262,-0.000436362879630889,0.00384250790081271,0.00165440710250487,1.24302431110097,1.23560278881201e-05,0.00144652235259629,0.00134550640529974,1.17297837626675,9.03940987610427e-05,0.00115821503520489,0.00101709619037644,2.73081862149477,-6.50317257288156e-07,0.0008549504208961,0.000896787497780849,0.965765922429588,-0.00031280260074886,0.000724236652184019,0.000795988322903314,6.06909848569409,-7.86883881302108e-05,0.000679798306270354,0.000568377282857428,0.700081304225488,-0.000241267702448701,0.00062864001536479,0.000587886800575599,2.39842096114887
"R204",2825.52,2838.1,3750.33666666667,3799.35,113.889866666667,116.316,36.315,3759.7,3787.57,3784.45,126.915066666667,139.268,17.45,2853.3,3661.28333333333,3778.05,103.317666666667,102.4515,53.915,2832,3526.19,3763.7,128.7745,137.1985,39.798,2831.8,3375.28666666667,3757.3,98.0958,104.0535,16.003,2837.3,3099.52333333333,2860.05,115.8379,116.775,31.667,2829.5,3004.42666666667,2853.65,118.3387,122.922,44.069,2829.6,2882.38333333333,2852.85,118.0688,118.087,35.186,2828.8,2847.85333333333,2842.95,116.461666666667,118.4145,43.303,2828.9,2850.64666666667,2846.3,131.5828,131.3985,84.404,0.00445227781081002,0.327308483630152,0.344655143124098,2.13616595529855,0.330622327925479,0.340485999037345,0.33938177751352,6.27306972301815,0.00983181856790969,0.29579098124711,0.337116707721057,0.916306531886612,0.00229338316486877,0.247979133044537,0.332037996545768,2.23570279913563,0.00222259973385437,0.194571854620271,0.329772926753306,5.12983815534587,0.00416914408675224,0.0969744802136717,0.012220759364648,2.65800044210061,0.00140859027718792,0.0633181384901423,0.00995568957218482,1.68530486282875,0.00144398199269512,0.0201249091612635,0.00967255584812705,2.35556187119877,0.00116084826863735,0.00790414979661566,0.00616877601291084,1.68945954475825,0.00119623998414455,0.00889275838311764,0.00735439848240331,0.558964030140752
"RC101",15696.95,16673.6,17181.7866666667,16741.9,263.160933333333,297.9185,102.644,16624.9,16864.7966666667,16702.5,299.004333333333,325.2415,56.542,16640.7,16753.9333333333,16692.2,245.901733333333,258.9055,119.963,16642.2,16677.78,16674.6,275.0467,289.967,127.974,16642.6,16675.5166666667,16671.95,255.0363,274.831,59.67,16632.3,16653.58,16652.4,292.577066666667,323.799,60.292,16631.4,16649.2766666667,16644.8,279.705033333333,304.619,108.783,16633.4,16646.77,16646.3,295.610166666667,301.9955,102.149,16631.4,16644.2333333333,16644.7,318.307233333333,338.2795,169.877,16637,16644.92,16644.35,356.195133333333,361.004,153.107,0.0622190935181674,0.0945939603978267,0.0665702572792804,1.56382188275334,0.0591165799725425,0.0743995914280586,0.0640602155195754,4.28818105714926,0.0601231449421703,0.0673368605578366,0.0634040370900079,1.0498131368283,0.0602187049076413,0.0624853872886133,0.0622828001618147,1.14923890790317,0.0602441875651001,0.0623411979184915,0.0621139775561494,3.27411261940674,0.0595880091355326,0.060943686512348,0.0608685126728441,3.85266812623012,0.0595306731562501,0.0606695355891854,0.0603843421811243,1.57122007421503,0.0596580864435448,0.0605098442691096,0.0604799021465953,1.89391150835218,0.0595306731562501,0.0603482417497242,0.0603779715167596,0.873751204302721,0.0598874303606751,0.0603919869783619,0.0603556741914829,1.32644577539455
"RC201",5406.94,5471.2,5546.84,5545.5,62.5154,62.649,5.648,5457.7,5524.45333333333,5511.6,77.7803666666667,83.9655,7.034,5440,5488.17333333333,5481.95,89.3537333333333,89.9175,55.465,5431.3,5474.76,5476.95,100.918366666667,109.1515,12.04,5421.6,5473.66666666667,5470.4,90.5789666666667,96.161,20.281,5443.1,5467.2,5468.1,107.257566666667,109.075,66.514,5434,5458.65666666667,5458.9,100.6061,105.7385,54.54,5440.1,5461.21,5459.8,99.4685,109.904,10.63,5414.5,5454.01,5455.6,113.769166666667,119.4825,60.289,5431.5,5453.30666666667,5451.95,116.751333333333,126.072,40.885,0.0118847259263094,0.0258741543275863,0.0256263246864214,10.0685906515581,0.00938793476532,0.0217337964418567,0.019356604659937,10.0577717751872,0.00611436413202282,0.0150239013810645,0.0138729114804306,0.610993118783617,0.00450532093938525,0.012543139002837,0.0129481740133975,7.38192414174972,0.00271133025334105,0.0123409297433791,0.0117367679315841,3.46619824794964,0.00668770136158342,0.0111449359526829,0.011311388696749,0.612556253821251,0.00500467917158309,0.00956486786734571,0.00960987175740791,0.84462962962963,0.00613285888136355,0.0100371004671773,0.0097763245014738,8.35733772342427,0.00139820305015397,0.00870547851464964,0.00899954502916619,0.88706342229373,0.00454231043806654,0.00857539877762022,0.00832448667823209,1.85560311442664
"C101",10828.94,10827.3,10935.17,10827.3,17.1878333333333,14.0825,1.297,10827.3,10827.4433333333,10827.3,13.8536666666667,9.1885,0.46,10827.3,10828.56,10827.3,9.8699,7.309,0.658,10827.3,10827.3,10827.3,5.93243333333333,4.8505,0.959,10827.3,10827.3,10827.3,4.3326,5.2015,0.695,10827.3,10827.3,10827.3,2.81493333333333,1.9435,0.675,10827.3,10827.3,10827.3,2.89673333333333,2.3435,0.901,10827.3,10827.3,10827.3,2.37416666666667,1.631,0.96,10827.3,10827.3,10827.3,2.34796666666667,1.8605,1.236,10827.3,10827.3,10827.3,2.98993333333333,1.952,1.211,-0.000151446032575786,0.00980982441494731,-0.000151446032575786,12.2519917758931,-0.000151446032575786,-0.000138209895582375,-0.000151446032575786,29.1166666666667,-0.000151446032575786,-3.50911538895791e-05,-0.000151446032575786,13.9998480243161,-0.000151446032575786,-0.000151446032575786,-0.000151446032575786,5.18606187000348,-0.000151446032575786,-0.000151446032575786,-0.000151446032575786,5.23395683453237,-0.000151446032575786,-0.000151446032575786,-0.000151446032575786,3.17027160493827,-0.000151446032575786,-0.000151446032575786,-0.000151446032575786,2.21502034776175,-0.000151446032575786,-0.000151446032575786,-0.000151446032575786,1.47309027777778,-0.000151446032575786,-0.000151446032575786,-0.000151446032575786,0.899649406688242,-0.000151446032575786,-0.000151446032575786,-0.000151446032575786,1.46897880539499
"R104",10007.31,11000.5,11037.62,11031.95,241.110033333333,277.192,21.94,10989.2,11012.5466666667,11012.7,288.616,318.8385,115.654,10986.3,11007.05,11004.9,238.171033333333,237.9015,83.046,10984.9,11003.3833333333,11002.85,282.2701,299.421,90.241,10983.1,11002.57,11001.05,244.385066666667,243.6395,46.879,10008,10962.2266666667,10995.05,307.049066666667,344.3485,160.37,10978,10989.99,10989.15,320.204166666667,333.6485,164.3,10020.8,10957.2733333333,10989,291.639066666667,311.025,133.906,10978.9,10988.2366666667,10987.95,319.568866666667,343.3145,130.758,10977.2,10988.9833333333,10988.8,387.617166666667,409.7225,217.325,0.0992464508444328,0.102955739354532,0.102389153528771,9.98951838347007,0.098117276271046,0.100450237543023,0.100465559675877,1.49551247687067,0.0978274881061943,0.0999009723891835,0.09968612943938,1.86794106077756,0.0976875903714385,0.099534573560061,0.0994812791849159,2.12795846677231,0.0975077218553238,0.0994532996379647,0.0993014106688011,4.21310323741263,6.89495978440269e-05,0.0954219132480824,0.0987018489484187,0.914629086903203,0.0969980943929988,0.0981962185642296,0.098112279923376,0.948899371069182,0.00134801460132641,0.0949269417389222,0.0980972908803665,1.17793875305563,0.0970880286510561,0.09802101330594,0.0979923675792997,1.44397181561867,0.0969181528302812,0.0980956254311433,0.098077305489687,0.783582959469305
"R203",3939.5,3947.8,4018.17333333333,4005.05,98.8433666666667,106.0855,25.228,3952.2,3996.54,3995.95,115.4667,124.8025,31.094,3944.7,3980.88333333333,3981.55,100.888466666667,106.085,39.036,3947.2,3969.73666666667,3968.15,126.6887,132.711,42.496,3942.6,3964.56666666667,3965.3,96.7716,99.861,59.891,3941,3956,3953.4,127.748233333333,132.086,64.483,3942.3,3953.77333333333,3953.25,125.130833333333,128.692,39.371,3943.4,3952.83,3951.75,121.616433333333,123.5715,67.666,3938.6,3952.24333333333,3952.75,134.928933333333,142.909,86.477,3940.8,3950.95333333333,3951.15,144.074566666667,148.2045,39.527,0.00210686635359822,0.0199703854127004,0.0166391674070314,2.91800248401247,0.00322375936032487,0.0144789947962939,0.0143292295976646,2.71347205248601,0.00131996446249519,0.0105047171806913,0.0106739433938318,1.58449807015746,0.00195456276177175,0.00767525489698355,0.00727249650970938,1.98119117093373,0.000786901891102909,0.00636290561407961,0.00654905444853412,0.615795361573525,0.000380758979565935,0.00418834877522528,0.00352836654397769,0.981114919177664,0.000710750095189791,0.00362313322333635,0.00349029064602107,2.17824879564485,0.000989973346871454,0.00338367813174259,0.00310953166645513,0.797304899555661,-0.000228455387739584,0.00323475906417904,0.00336337098616576,0.56028693563992,0.000329991115623856,0.00290730634175235,0.00295722807462878,2.64496588829576
"R103",14292.68,15226.2,15251.2533333333,15250.55,459.685066666667,481.495,214.945,14313.4,15089.44,15240.2,489.618866666667,514.1595,331.773,14310.8,15083.52,15231.7,367.4807,348.3445,211.095,14307.9,15016.6833333333,15227.5,469.237766666667,497.803,238.118,14301.3,14952.7366666667,15224.3,428.8632,434.7905,295.589,14293.3,14647.99,14318,425.018333333333,460.2455,162.013,14297.2,14499.7433333333,14315.4,444.923933333333,478.409,139.022,14297.8,14494.1866666667,14312.15,424.305666666667,432.11,184.904,14303.6,14372.64,14311.45,454.3342,463.963,253.665,14296.7,14307.45,14304.9,487.4443,499.8585,300.762,0.0653145526241405,0.067067431253854,0.0670182219149942,1.13861716563152,0.00144969312962995,0.0557460182415055,0.0662940750090256,0.475764654346998,0.00126778182957983,0.0553318202044683,0.0656993649896311,0.740830905516474,0.00106488076413936,0.0506555336951035,0.0654055082741655,0.970610229662044,0.00060310592555063,0.046181448592333,0.0651816174433346,0.450876724100017,4.33788484734131e-05,0.0248595784695382,0.00177153619894937,1.62335944234928,0.000316245798548658,0.0144873692920665,0.00158962489889938,2.200385070948,0.000358225329329348,0.0140985921931133,0.00136223577383676,1.2947349255109,0.000764027460210406,0.00559447213538672,0.00131325965459245,0.791079573453176,0.000281262856231332,0.00103339611605384,0.000854983110235403,0.620697761020342
"R202",4191.7,5096.8,5148.65666666667,5150.15,127.865666666667,135.1965,15.161,5094.9,5142.84333333333,5130.85,161.1224,166.293,89.98,5098.2,5120.69666666667,5122.2,134.277933333333,134.644,58.005,5090,5116.6,5117.35,157.2911,163.354,105.486,5093.7,5107.28,5107.1,142.467233333333,150.3705,74.199,4205.5,5043.59666666667,5101.25,151.828266666667,154.3345,69.082,4207.1,5043.51666666667,5097.45,148.845866666667,153.9505,96.255,4202.5,4950.35,5094.2,136.490766666667,139.9645,81.091,4207.1,4894.56,5093.25,152.059733333333,158.4885,64.718,4204.3,4978.57,5093.6,161.692333333333,172.9955,57.149,0.215926712312427,0.228297985701903,0.228654245294272,7.43385440714113,0.215473435598922,0.226911118003038,0.224049908151824,0.790646810402312,0.216260705680273,0.221627661012636,0.221986306271918,1.31493721805591,0.214304458811461,0.220650332800535,0.220829257819023,0.491108772728134,0.215187155569339,0.218426891237445,0.218383949233008,0.920069452867739,0.00329222034019615,0.203234169111975,0.216988334088795,1.19779778620577,0.00367392704630593,0.20321508377667,0.216081780661784,0.546370231849428,0.00257652026624047,0.180988620368824,0.215306438914999,0.683180213176144,0.00367392704630593,0.167678984660162,0.215079800558246,1.34957404946589,0.00300594031061392,0.187720972397834,0.215163298900208,1.82931168232748
"R102",18486.12,18496.6,19261.2233333333,19482.4,509.0238,558.68,19.111,18492.5,19254.1333333333,19479.85,550.483233333333,585.244,268.951,18487.9,18826.09,18508.25,433.387633333333,421.5675,190.894,18491.3,18661.4266666667,18499.3,514.310833333333,530.196,251.546,18486.2,18627.5933333333,18498.1,537.498266666667,551.9505,286.179,18487.6,18494.3666666667,18493.7,512.227,528.779,263.934,18484.6,18492.05,18491.35,493.022233333333,510.596,256.459,18484,18491.6633333333,18491.55,522.399466666667,530.0245,385.457,18485.5,18492.2633333333,18492.4,557.6227,588.095,195.452,18483.8,18490.1066666667,18489.9,601.281366666667,632.3655,356.936,0.000566911823573555,0.0419289355112558,0.0538934075944548,25.6351211344252,0.000345123800992367,0.0415454045161092,0.053755466263337,1.0467789052033,9.62884585841958e-05,0.0183905546431594,0.00119711437554235,1.27030516063016,0.000280210233407567,0.00948315096227155,0.000712967350639503,1.0445995298408,4.32757117241185e-06,0.00765294898731238,0.000648053783054506,0.878189058829148,8.00600666878482e-05,0.000446100461679681,0.000410037368577167,0.940738972621943,-8.22238522740541e-05,0.000320781213148042,0.000282914965390226,0.922421257718908,-0.000114680636066356,0.000299864619148577,0.000293733893321059,0.355273004943915,-3.35386765854047e-05,0.000332321402940878,0.000339714337027049,1.85299050406238,-0.000125499563997189,0.000215657296753867,0.000204477737892131,0.684563525860845
"R201",5252.37,5267.7,5334.40666666667,5329.35,89.0630666666667,98.935,31.118,5256,5311.04666666667,5307.65,105.3744,109.9255,27.474,5263.6,5292.57666666667,5287.95,96.5342666666667,94.168,34.164,5254.4,5284.88,5282.7,118.708,124.1055,49.927,5250.8,5280.31,5276.6,106.681566666667,108.253,54.968,5252.6,5271.87,5271,120.462033333333,129.657,61.93,5253.8,5270.04,5269.6,119.195533333333,127.602,50.413,5250.8,5264.01,5262.85,116.887066666667,122.6395,32.372,5251.9,5264.32666666667,5264.45,122.719633333333,130.575,40.569,5251.9,5259.74,5257.8,127.8367,139.271,41.994,0.00291868242336315,0.0156189808918006,0.0146562408969666,1.86210767615742,0.000691116581657444,0.0111714648181044,0.0105247726264524,2.83542258134964,0.00213808242755184,0.0076549570320954,0.00677408484170019,1.82561370643562,0.000386492193048042,0.00618958679605592,0.00577453606657565,1.37763134175897,-0.000298912681322852,0.00531950338609057,0.00461315558500267,0.940794037743172,4.37897558626816e-05,0.00371260973617624,0.00354697022486994,0.945132138435869,0.000272258047319646,0.00336419559170433,0.00328042388483684,1.36438088059297,-0.000298912681322852,0.00221614242713296,0.00199528974539122,2.61074591210511,-8.94834141540399e-05,0.00227643267071188,0.00229991413400062,2.02496076643085,-8.94834141540399e-05,0.00140317609003172,0.00103381901884298,2.04416583321427
"R101",20650.8,20651.1,20767.4633333333,20666.15,405.3704,403.651,260.725,20651.4,20664.5,20661.1,389.187433333333,414.3125,215.346,20648.8,20655.4166666667,20654.75,307.892666666667,296.8645,76.448,20648.1,20655.0533333333,20653.8,380.650733333333,386.194,111.467,20648.7,20652.4266666667,20651.55,317.4437,315.4735,121.764,20648.3,20651.37,20650.75,358.038933333333,331.8175,200.484,20648.8,20651.04,20650.65,340.5628,360.599,95.55,20647.9,20650.3033333333,20650.15,337.291766666667,314.827,140.924,20648.5,20650.0666666667,20650.1,360.269366666667,354.0935,142.623,20647.9,20650.0533333333,20650.3,351.2644,333.206,126.912,1.4527282236004e-05,0.00564933723310157,0.000743312607744116,0.554781474733915,2.90545644721843e-05,0.000663412555445829,0.000498770023437313,0.807265671678756,-9.68485482402619e-05,0.000223558732188032,0.000191275882774552,3.02747837309893,-0.000130745540124389,0.000205964579257656,0.000145272822360569,2.414918615674,-0.000101690975652205,7.87701525687628e-05,3.63182055900982e-05,1.60704066883479,-0.000121060685300327,2.76018362484605e-05,-2.42121370597131e-06,0.785872854359117,-9.68485482402619e-05,1.16218257889089e-05,-7.26364111791394e-06,2.56423652537938,-0.000140430394948274,-2.40507228129655e-05,-3.14757781779794e-05,1.39343026501282,-0.000111375830476266,-3.55111343547744e-05,-3.38969918841269e-05,1.52602572282638,-0.000140430394948274,-3.61567913429982e-05,-2.42121370600655e-05,1.76777924861321
